media_rapida_per,media_lenta_per,media_filtro_tendencia_per,atr_periodo,atr_multiplicador,Retorno_Anualizado_%,Calmar,DD_%,Num_Trades,Sharpe,Ativo,combinacao
18,120,100,7,0.5,2783.43,88.8164457457155,31.34,6,3.479264149763196,PENGU,R:18_L:120_F:100_A:7_M:0.5
18,120,100,14,0.5,2753.41,88.7578841256782,31.02,6,3.469540157596159,PENGU,R:18_L:120_F:100_A:14_M:0.5
18,120,100,10,0.5,2744.97,88.20574901205164,31.12,6,3.4666768604635902,PENGU,R:18_L:120_F:100_A:10_M:0.5
18,120,100,20,0.5,2739.52,88.02401787175938,31.12,6,3.464817018611169,PENGU,R:18_L:120_F:100_A:20_M:0.5
18,120,100,5,0.5,2773.05,87.98408928825705,31.52,6,3.4756183224087764,PENGU,R:18_L:120_F:100_A:5_M:0.5
18,120,100,30,0.5,2721.49,87.57318594913194,31.08,6,3.4585438240971365,PENGU,R:18_L:120_F:100_A:30_M:0.5
18,120,100,25,0.5,2712.43,87.06396214177558,31.15,6,3.4554591726211927,PENGU,R:18_L:120_F:100_A:25_M:0.5
12,120,100,25,0.5,2675.53,84.48006590354633,31.67,7,3.4439708199285533,PENGU,R:12_L:120_F:100_A:25_M:0.5
12,120,100,20,0.5,2680.72,84.43504832220127,31.75,7,3.438438773069298,PENGU,R:12_L:120_F:100_A:20_M:0.5
12,120,100,14,0.5,2671.31,84.19053156143057,31.73,7,3.4426194942645205,PENGU,R:12_L:120_F:100_A:14_M:0.5
12,120,100,30,0.5,2663.02,83.51592135236118,31.89,7,3.4396231247506592,PENGU,R:12_L:120_F:100_A:30_M:0.5
14,120,100,10,0.5,2651.34,83.39340202574076,31.79,6,3.4218169340333344,PENGU,R:14_L:120_F:100_A:10_M:0.5
14,120,100,14,0.5,2651.11,83.34557085919315,31.81,6,3.421721038314854,PENGU,R:14_L:120_F:100_A:14_M:0.5
14,120,100,7,0.5,2632.01,82.4868396929832,31.91,6,3.414896600686821,PENGU,R:14_L:120_F:100_A:7_M:0.5
14,120,100,20,0.5,2631.88,82.12820434919254,32.05,6,3.414720492329043,PENGU,R:14_L:120_F:100_A:20_M:0.5
12,120,100,7,0.5,2624.84,82.12120917164803,31.96,7,3.4262458974591725,PENGU,R:12_L:120_F:100_A:7_M:0.5
12,120,100,10,0.5,2619.71,82.02005053457323,31.94,7,3.4244631701290515,PENGU,R:12_L:120_F:100_A:10_M:0.5
14,120,100,25,0.5,2616.23,81.87388748517415,31.95,6,3.409237804583728,PENGU,R:14_L:120_F:100_A:25_M:0.5
12,120,100,5,0.5,2598.85,81.85369764910386,31.75,7,3.4168180775897063,PENGU,R:12_L:120_F:100_A:5_M:0.5
14,120,100,30,0.5,2612.79,81.74952674359288,31.96,6,3.4080026933881533,PENGU,R:14_L:120_F:100_A:30_M:0.5
14,120,100,5,0.5,2610.74,81.36668818320564,32.09,6,3.4071616173852024,PENGU,R:14_L:120_F:100_A:5_M:0.5
10,120,100,30,1.0,2587.06,75.46252865177652,34.28,7,3.396914930763111,PENGU,R:10_L:120_F:100_A:30_M:1.0
10,120,100,25,1.0,2567.92,74.9699484671763,34.25,7,3.389962079909066,PENGU,R:10_L:120_F:100_A:25_M:1.0
10,120,100,20,1.0,2579.86,74.58180475128077,34.59,7,3.393859722161994,PENGU,R:10_L:120_F:100_A:20_M:1.0
14,120,100,14,1.0,2484.82,74.33995215909962,33.43,6,3.364848893808672,PENGU,R:14_L:120_F:100_A:14_M:1.0
18,120,100,14,1.0,2453.21,74.00877396322343,33.15,6,3.3639972992748666,PENGU,R:18_L:120_F:100_A:14_M:1.0
10,120,100,14,1.0,2539.1,73.58455495049428,34.51,7,3.3784247541824,PENGU,R:10_L:120_F:100_A:14_M:1.0
14,120,100,10,1.0,2467.6,73.28186609359726,33.67,6,3.358305254943849,PENGU,R:14_L:120_F:100_A:10_M:1.0
14,120,100,20,1.0,2464.26,73.24934093846574,33.64,6,3.3568773095096267,PENGU,R:14_L:120_F:100_A:20_M:1.0
14,120,100,25,1.0,2434.5,72.76145742370211,33.46,6,3.345722223689359,PENGU,R:14_L:120_F:100_A:25_M:1.0
14,120,100,30,1.0,2427.96,72.53743769934013,33.47,6,3.3431994893055896,PENGU,R:14_L:120_F:100_A:30_M:1.0
18,120,100,10,1.0,2428.45,72.45139196195913,33.52,6,3.355786963866635,PENGU,R:18_L:120_F:100_A:10_M:1.0
18,120,100,7,1.0,2400.92,71.9778868637143,33.36,6,3.3446748660519336,PENGU,R:18_L:120_F:100_A:7_M:1.0
5,120,100,20,0.5,2653.39,71.54476753994614,37.09,8,3.4207975701746567,PENGU,R:5_L:120_F:100_A:20_M:0.5
14,120,100,5,1.0,2418.12,71.50680194357584,33.82,6,3.3392578296124675,PENGU,R:14_L:120_F:100_A:5_M:1.0
14,120,100,7,1.0,2426.8,71.44260415328397,33.97,6,3.3426894708313264,PENGU,R:14_L:120_F:100_A:7_M:1.0
5,120,100,14,0.5,2645.52,71.30385694004337,37.1,8,3.418317810176407,PENGU,R:5_L:120_F:100_A:14_M:0.5
10,120,100,7,1.0,2463.45,71.17652917610104,34.61,7,3.3482290275579065,PENGU,R:10_L:120_F:100_A:7_M:1.0
5,120,100,30,0.5,2632.58,71.15861423685976,37.0,8,3.413505593471061,PENGU,R:5_L:120_F:100_A:30_M:0.5
5,120,100,25,0.5,2628.65,71.03485143649354,37.01,8,3.4120203805962297,PENGU,R:5_L:120_F:100_A:25_M:0.5
18,120,100,30,1.0,2309.11,70.95059091978106,32.55,6,3.3096572486173894,PENGU,R:18_L:120_F:100_A:30_M:1.0
10,120,100,10,1.0,2471.19,70.69144082279364,34.96,7,3.3525702969978424,PENGU,R:10_L:120_F:100_A:10_M:1.0
18,120,100,20,1.0,2312.61,69.85223291951665,33.11,6,3.3109454489422228,PENGU,R:18_L:120_F:100_A:20_M:1.0
5,120,100,10,0.5,2596.6,69.79561279404014,37.2,8,3.4010970931704945,PENGU,R:5_L:120_F:100_A:10_M:0.5
5,120,100,5,0.5,2566.51,69.57118115674986,36.89,8,3.389858146279832,PENGU,R:5_L:120_F:100_A:5_M:0.5
5,120,100,7,0.5,2589.91,69.55744174123481,37.23,8,3.3984951845110483,PENGU,R:5_L:120_F:100_A:7_M:0.5
18,120,100,25,1.0,2282.16,69.38521106127817,32.89,6,3.298655715437703,PENGU,R:18_L:120_F:100_A:25_M:1.0
18,120,100,5,1.0,2356.17,68.91824862177232,34.19,6,3.3254962612951267,PENGU,R:18_L:120_F:100_A:5_M:1.0
10,120,100,5,1.0,2419.05,68.86579868677536,35.13,7,3.331262239518725,PENGU,R:10_L:120_F:100_A:5_M:1.0
18,50,150,7,3.0,2259.3,66.1298983560212,34.16,5,3.420142603567958,PENGU,R:18_L:50_F:150_A:7_M:3.0
18,120,100,30,1.5,2320.24,65.72992588498037,35.3,6,3.3099871105122025,PENGU,R:18_L:120_F:100_A:30_M:1.5
18,50,150,20,4.0,2233.39,65.3716318063843,34.16,5,3.4088802007078525,PENGU,R:18_L:50_F:150_A:20_M:4.0
18,50,150,25,4.0,2224.74,65.11827229425285,34.16,5,3.4050632781172614,PENGU,R:18_L:50_F:150_A:25_M:4.0
18,50,150,5,4.0,2220.93,65.00673864320255,34.16,5,3.403374438815817,PENGU,R:18_L:50_F:150_A:5_M:4.0
18,120,100,14,1.5,2339.21,64.51799138105405,36.26,6,3.31907756438584,PENGU,R:18_L:120_F:100_A:14_M:1.5
18,120,100,20,1.5,2333.17,64.45828911311985,36.2,6,3.319423388007157,PENGU,R:18_L:120_F:100_A:20_M:1.5
18,50,150,14,4.0,2193.75,64.21112511681596,34.16,5,3.391175309265388,PENGU,R:18_L:50_F:150_A:14_M:4.0
12,120,100,10,1.0,2340.48,64.07799584528773,36.53,7,3.313884057984076,PENGU,R:12_L:120_F:100_A:10_M:1.0
18,120,100,25,1.5,2293.09,63.91025520271813,35.88,6,3.30248079661509,PENGU,R:18_L:120_F:100_A:25_M:1.5
14,120,100,14,1.5,2309.36,63.50872684516639,36.36,6,3.2961275814550755,PENGU,R:14_L:120_F:100_A:14_M:1.5
12,120,100,25,1.0,2261.91,63.20205561412636,35.79,7,3.283516235294251,PENGU,R:12_L:120_F:100_A:25_M:1.0
14,120,100,20,1.5,2294.2,62.938066584518616,36.45,6,3.2902471074474278,PENGU,R:14_L:120_F:100_A:20_M:1.5
18,120,100,10,1.5,2303.19,62.58783975836538,36.8,6,3.3075955814741818,PENGU,R:18_L:120_F:100_A:10_M:1.5
12,120,100,20,1.0,2257.06,62.42332058357572,36.16,7,3.2812716465856018,PENGU,R:12_L:120_F:100_A:20_M:1.0
12,120,100,14,1.0,2254.13,62.4045307595013,36.12,7,3.2800960719046275,PENGU,R:12_L:120_F:100_A:14_M:1.0
10,80,100,10,2.0,2575.05,62.37637558579777,41.28,5,3.340788538995351,PENGU,R:10_L:80_F:100_A:10_M:2.0
18,50,150,10,4.0,2126.7,62.24863408349175,34.16,5,3.3599413527119624,PENGU,R:18_L:50_F:150_A:10_M:4.0
18,50,150,20,5.0,2114.04,61.8780542846526,34.16,5,3.353860313607612,PENGU,R:18_L:50_F:150_A:20_M:5.0
12,120,100,30,1.0,2237.82,61.79277060832362,36.21,7,3.273498093645003,PENGU,R:12_L:120_F:100_A:30_M:1.0
18,50,150,7,4.0,2108.43,61.71397775920695,34.16,5,3.3511492856429776,PENGU,R:18_L:50_F:150_A:7_M:4.0
18,50,150,25,5.0,2103.44,61.56782310911753,34.16,5,3.3487247573451637,PENGU,R:18_L:50_F:150_A:25_M:5.0
18,50,150,5,5.0,2098.77,61.43129495631153,34.16,5,3.3464517284224,PENGU,R:18_L:50_F:150_A:5_M:5.0
18,50,150,30,4.0,2098.1,61.41146689784468,34.16,5,3.346120956983448,PENGU,R:18_L:50_F:150_A:30_M:4.0
18,50,150,20,2.5,2255.74,61.33988395607601,36.77,5,3.437375737714927,PENGU,R:18_L:50_F:150_A:20_M:2.5
12,120,100,5,1.0,2216.97,61.30586866688468,36.16,7,3.264725855073685,PENGU,R:12_L:120_F:100_A:5_M:1.0
10,80,100,20,2.5,2530.02,61.301788166381726,41.27,5,3.3242421485793523,PENGU,R:10_L:80_F:100_A:20_M:2.5
14,120,100,30,1.5,2182.21,61.01797111470706,35.76,6,3.246506572011171,PENGU,R:14_L:120_F:100_A:30_M:1.5
12,120,100,7,1.0,2228.83,60.94849258533338,36.57,7,3.269841505259395,PENGU,R:12_L:120_F:100_A:7_M:1.0
14,120,100,25,1.5,2176.17,60.84351646581855,35.77,6,3.2443468319162685,PENGU,R:14_L:120_F:100_A:25_M:1.5
18,50,150,14,5.0,2065.53,60.458128478587874,34.16,5,3.330020308352972,PENGU,R:18_L:50_F:150_A:14_M:5.0
14,120,100,10,1.5,2205.69,60.05599639757564,36.73,6,3.2557434065761237,PENGU,R:14_L:120_F:100_A:10_M:1.5
14,120,100,5,1.5,2214.98,59.96779616357157,36.94,6,3.257109899102588,PENGU,R:14_L:120_F:100_A:5_M:1.5
18,50,150,25,2.5,2216.22,59.35314368153287,37.34,5,3.4196049624876954,PENGU,R:18_L:50_F:150_A:25_M:2.5
9,80,100,20,2.5,2483.73,59.29697243800059,41.89,5,3.3086959989433344,PENGU,R:9_L:80_F:100_A:20_M:2.5
18,50,150,14,2.5,2203.42,59.15850224201663,37.25,5,3.4135524144537537,PENGU,R:18_L:50_F:150_A:14_M:2.5
10,120,100,14,1.5,2175.42,59.08031860619453,36.82,7,3.2335730838018257,PENGU,R:10_L:120_F:100_A:14_M:1.5
10,80,100,25,2.5,2438.56,58.74054026129684,41.51,5,3.2929433018844207,PENGU,R:10_L:80_F:100_A:25_M:2.5
10,120,100,10,1.5,2190.82,58.682599147327885,37.33,7,3.242081829694689,PENGU,R:10_L:120_F:100_A:10_M:1.5
10,120,100,30,1.5,2144.75,58.545491553436136,36.63,7,3.221395817355027,PENGU,R:10_L:120_F:100_A:30_M:1.5
18,50,150,20,6.0,1997.13,58.4562513662658,34.16,5,3.2949534446573536,PENGU,R:18_L:50_F:150_A:20_M:6.0
9,120,100,20,2.0,2131.93,58.26409620501889,36.59,6,3.2206603696062808,PENGU,R:9_L:120_F:100_A:20_M:2.0
7,120,100,14,0.5,2221.04,58.257633216012096,38.12,9,3.2672901541110644,PENGU,R:7_L:120_F:100_A:14_M:0.5
10,120,100,25,1.5,2125.2,58.22404804738136,36.5,7,3.2125299289161218,PENGU,R:10_L:120_F:100_A:25_M:1.5
10,80,100,14,2.5,2433.25,58.13156606565173,41.86,5,3.2886254373413357,PENGU,R:10_L:80_F:100_A:14_M:2.5
18,50,150,25,6.0,1984.68,58.09182929611214,34.16,5,3.2883864485752192,PENGU,R:18_L:50_F:150_A:25_M:6.0
18,50,150,10,5.0,1983.71,58.06338367146277,34.16,5,3.287871472953569,PENGU,R:18_L:50_F:150_A:10_M:5.0
18,50,150,30,2.5,2154.2,58.05096676714856,37.11,5,3.3925336790430243,PENGU,R:18_L:50_F:150_A:30_M:2.5
7,120,100,10,0.5,2215.67,58.00040564459181,38.2,9,3.265106686770047,PENGU,R:7_L:120_F:100_A:10_M:0.5
10,80,100,30,2.5,2418.49,57.982459157755216,41.71,5,3.285282280944933,PENGU,R:10_L:80_F:100_A:30_M:2.5
18,50,150,5,6.0,1979.21,57.93150458606044,34.16,5,3.285479455802533,PENGU,R:18_L:50_F:150_A:5_M:6.0
9,40,100,14,1.0,524.96,15.023909146205568,34.94,35,2.267313072064062,FLOKI,R:9_L:40_F:100_A:14_M:1.0
9,40,100,30,1.0,520.75,14.903385456820502,34.94,35,2.266483408177867,FLOKI,R:9_L:40_F:100_A:30_M:1.0
9,40,100,7,1.5,520.0,14.881867931354106,34.94,35,2.2331142009899594,FLOKI,R:9_L:40_F:100_A:7_M:1.5
9,40,100,25,1.0,518.41,14.836404755146768,34.94,35,2.271049048683965,FLOKI,R:9_L:40_F:100_A:25_M:1.0
9,40,100,20,1.0,517.17,14.801012612415368,34.94,35,2.269290419819035,FLOKI,R:9_L:40_F:100_A:20_M:1.0
10,50,50,30,1.0,561.48,14.749991388864231,38.07,34,2.412942768526799,BONK,R:10_L:50_F:50_A:30_M:1.0
9,40,100,14,2.0,511.39,14.635621175422418,34.94,35,2.217879316703784,FLOKI,R:9_L:40_F:100_A:14_M:2.0
9,40,100,10,1.0,506.87,14.506092718746054,34.94,35,2.2374067037526912,FLOKI,R:9_L:40_F:100_A:10_M:1.0
9,50,50,5,1.0,556.02,14.426283897416088,38.54,37,2.3986364532103304,BONK,R:9_L:50_F:50_A:5_M:1.0
9,40,100,5,2.5,499.28,14.288972217122996,34.94,35,2.194970908579852,FLOKI,R:9_L:40_F:100_A:5_M:2.5
9,40,100,5,2.0,498.56,14.26840796862868,34.94,35,2.1958841459486726,FLOKI,R:9_L:40_F:100_A:5_M:2.0
9,40,100,10,2.5,498.19,14.257738085970578,34.94,35,2.194790606999793,FLOKI,R:9_L:40_F:100_A:10_M:2.5
10,20,100,7,5.0,283.86,14.254866582013085,19.91,24,2.7716950387419623,TAO,R:10_L:20_F:100_A:7_M:5.0
10,20,100,7,4.0,283.86,14.254866582013085,19.91,24,2.7716950387419623,TAO,R:10_L:20_F:100_A:7_M:4.0
10,20,100,20,5.0,283.86,14.254866582013085,19.91,24,2.7716950387419623,TAO,R:10_L:20_F:100_A:20_M:5.0
10,20,100,20,4.0,283.86,14.254866582013085,19.91,24,2.7716950387419623,TAO,R:10_L:20_F:100_A:20_M:4.0
10,20,100,10,5.0,283.86,14.254866582013085,19.91,24,2.7716950387419623,TAO,R:10_L:20_F:100_A:10_M:5.0
10,20,100,14,5.0,283.86,14.254866582013085,19.91,24,2.7716950387419623,TAO,R:10_L:20_F:100_A:14_M:5.0
10,20,100,14,4.0,283.86,14.254866582013085,19.91,24,2.7716950387419623,TAO,R:10_L:20_F:100_A:14_M:4.0
10,20,100,10,4.0,283.86,14.254866582013085,19.91,24,2.7716950387419623,TAO,R:10_L:20_F:100_A:10_M:4.0
10,20,100,5,6.0,283.86,14.254866582013085,19.91,24,2.7716950387419623,TAO,R:10_L:20_F:100_A:5_M:6.0
10,20,100,30,6.0,283.86,14.254866582013085,19.91,24,2.7716950387419623,TAO,R:10_L:20_F:100_A:30_M:6.0
10,20,100,25,6.0,283.86,14.254866582013085,19.91,24,2.7716950387419623,TAO,R:10_L:20_F:100_A:25_M:6.0
10,20,100,30,5.0,283.86,14.254866582013085,19.91,24,2.7716950387419623,TAO,R:10_L:20_F:100_A:30_M:5.0
10,20,100,7,6.0,283.86,14.254866582013085,19.91,24,2.7716950387419623,TAO,R:10_L:20_F:100_A:7_M:6.0
10,20,100,10,3.0,283.86,14.254866582013085,19.91,24,2.7716950387419623,TAO,R:10_L:20_F:100_A:10_M:3.0
10,20,100,5,5.0,283.86,14.254866582013085,19.91,24,2.7716950387419623,TAO,R:10_L:20_F:100_A:5_M:5.0
10,20,100,30,4.0,283.86,14.254866582013085,19.91,24,2.7716950387419623,TAO,R:10_L:20_F:100_A:30_M:4.0
10,20,100,20,6.0,283.86,14.254866582013085,19.91,24,2.7716950387419623,TAO,R:10_L:20_F:100_A:20_M:6.0
10,20,100,5,4.0,283.86,14.254866582013085,19.91,24,2.7716950387419623,TAO,R:10_L:20_F:100_A:5_M:4.0
10,20,100,10,6.0,283.86,14.254866582013085,19.91,24,2.7716950387419623,TAO,R:10_L:20_F:100_A:10_M:6.0
10,20,100,14,6.0,283.86,14.254866582013085,19.91,24,2.7716950387419623,TAO,R:10_L:20_F:100_A:14_M:6.0
10,20,100,25,5.0,283.86,14.254866582013085,19.91,24,2.7716950387419623,TAO,R:10_L:20_F:100_A:25_M:5.0
10,20,100,25,4.0,283.86,14.254866582013085,19.91,24,2.7716950387419623,TAO,R:10_L:20_F:100_A:25_M:4.0
9,40,100,10,2.0,495.79,14.189181603800268,34.94,35,2.191094860822226,FLOKI,R:9_L:40_F:100_A:10_M:2.0
9,40,100,20,2.5,493.36,14.119501293084095,34.94,35,2.185074400203716,FLOKI,R:9_L:40_F:100_A:20_M:2.5
9,40,100,7,2.0,492.86,14.105161714528222,34.94,35,2.1850985255318145,FLOKI,R:9_L:40_F:100_A:7_M:2.0
9,40,100,25,2.5,492.44,14.093041663237662,34.94,35,2.1834387986316632,FLOKI,R:9_L:40_F:100_A:25_M:2.5
9,40,100,7,1.0,491.87,14.07673435070737,34.94,35,2.2090830004887394,FLOKI,R:9_L:40_F:100_A:7_M:1.0
9,40,100,7,3.0,490.69,14.043083376790468,34.94,35,2.1799517009959604,FLOKI,R:9_L:40_F:100_A:7_M:3.0
9,40,100,7,2.5,489.85,14.01911373367478,34.94,35,2.1804959904505026,FLOKI,R:9_L:40_F:100_A:7_M:2.5
9,40,100,30,1.5,488.34,13.97593354601,34.94,35,2.1988423048051278,FLOKI,R:9_L:40_F:100_A:30_M:1.5
9,50,50,7,1.0,529.0,13.95930224781709,37.9,37,2.3525089773128403,BONK,R:9_L:50_F:50_A:7_M:1.0
9,40,100,14,3.0,486.28,13.916777568452884,34.94,35,2.1730519855949804,FLOKI,R:9_L:40_F:100_A:14_M:3.0
9,40,100,20,3.0,486.16,13.913485285949742,34.94,35,2.173741198911423,FLOKI,R:9_L:40_F:100_A:20_M:3.0
7,50,150,20,2.0,523.92,13.883401947409808,37.74,18,2.582119140642722,BONK,R:7_L:50_F:150_A:20_M:2.0
9,40,100,14,2.5,484.88,13.876928616188303,34.94,35,2.170249443792497,FLOKI,R:9_L:40_F:100_A:14_M:2.5
9,40,200,5,0.5,528.96,13.87180780584074,38.13,26,2.615652458580731,BONK,R:9_L:40_F:200_A:5_M:0.5
9,40,100,30,2.5,484.67,13.870741482945355,34.94,35,2.1710059157972763,FLOKI,R:9_L:40_F:100_A:30_M:2.5
9,40,100,30,3.0,483.46,13.836231400956944,34.94,35,2.169543284521485,FLOKI,R:9_L:40_F:100_A:30_M:3.0
7,50,150,14,2.0,524.71,13.82843546830536,37.94,18,2.5828333904836334,BONK,R:7_L:50_F:150_A:14_M:2.0
10,40,100,7,1.5,482.87,13.8193182831085,34.94,32,2.175319276197256,FLOKI,R:10_L:40_F:100_A:7_M:1.5
9,40,100,25,1.5,482.68,13.813820772093155,34.94,35,2.189082363528759,FLOKI,R:9_L:40_F:100_A:25_M:1.5
9,40,100,5,5.0,482.65,13.81286823710393,34.94,35,2.16787093423347,FLOKI,R:9_L:40_F:100_A:5_M:5.0
9,40,100,25,3.0,481.82,13.789356012391709,34.94,35,2.166487745472411,FLOKI,R:9_L:40_F:100_A:25_M:3.0
9,40,100,10,3.0,481.71,13.78612831189546,34.94,35,2.164838352304286,FLOKI,R:9_L:40_F:100_A:10_M:3.0
9,40,100,20,1.5,481.68,13.785157473285023,34.94,35,2.187665459301405,FLOKI,R:9_L:40_F:100_A:20_M:1.5
9,40,100,7,5.0,480.92,13.754242459046427,34.97,35,2.164687383934831,FLOKI,R:9_L:40_F:100_A:7_M:5.0
9,40,100,10,1.5,479.02,13.709083896931045,34.94,35,2.184498129418266,FLOKI,R:9_L:40_F:100_A:10_M:1.5
7,50,150,25,2.0,515.96,13.65912916476031,37.77,18,2.563986149139954,BONK,R:7_L:50_F:150_A:25_M:2.0
9,50,150,5,1.0,511.57,13.646400154015687,37.49,16,2.647654355767037,BONK,R:9_L:50_F:150_A:5_M:1.0
9,40,100,5,1.5,474.62,13.583308573091358,34.94,35,2.150564924530121,FLOKI,R:9_L:40_F:100_A:5_M:1.5
9,40,100,5,3.0,484.27,13.534099779447606,35.78,35,2.1677731647854688,FLOKI,R:9_L:40_F:100_A:5_M:3.0
18,80,50,7,4.0,527.3,13.519939435078689,39.0,26,2.1735501763950555,PEPE,R:18_L:80_F:50_A:7_M:4.0
15,80,100,25,3.0,503.68,13.503102485452445,37.3,26,2.177749734976058,PEPE,R:15_L:80_F:100_A:25_M:3.0
10,40,100,30,1.5,471.72,13.500218221921042,34.94,32,2.1785781939195608,FLOKI,R:10_L:40_F:100_A:30_M:1.5
7,50,150,7,1.5,501.39,13.460251144108817,37.25,18,2.5462867557752995,BONK,R:7_L:50_F:150_A:7_M:1.5
9,40,100,5,1.0,469.42,13.434490676215514,34.94,35,2.168017706868442,FLOKI,R:9_L:40_F:100_A:5_M:1.0
18,80,50,20,4.0,522.99,13.40930555232658,39.0,26,2.1673726744940973,PEPE,R:18_L:80_F:50_A:20_M:4.0
9,40,100,30,2.0,468.54,13.409033674968311,34.94,35,2.1658126842187078,FLOKI,R:9_L:40_F:100_A:30_M:2.0
10,40,100,7,2.0,468.38,13.404694489014153,34.94,32,2.148237390903207,FLOKI,R:10_L:40_F:100_A:7_M:2.0
9,50,150,7,1.0,506.38,13.402355948832128,37.78,16,2.6354055490824573,BONK,R:9_L:50_F:150_A:7_M:1.0
14,80,100,20,3.0,463.13,13.395545973791624,34.57,24,2.1390125268492244,PEPE,R:14_L:80_F:100_A:20_M:3.0
10,40,100,20,1.5,466.49,13.350625321740852,34.94,32,2.1672216046540864,FLOKI,R:10_L:40_F:100_A:20_M:1.5
10,40,100,25,1.5,466.32,13.345510259797653,34.94,32,2.168509018005158,FLOKI,R:10_L:40_F:100_A:25_M:1.5
10,40,100,10,2.0,466.0,13.336357456351948,34.94,32,2.144715663197941,FLOKI,R:10_L:40_F:100_A:10_M:2.0
10,40,100,14,2.0,464.7,13.29934976208917,34.94,32,2.143833491378331,FLOKI,R:10_L:40_F:100_A:14_M:2.0
18,80,50,14,4.0,517.06,13.257187437638803,39.0,26,2.158275802857858,PEPE,R:18_L:80_F:50_A:14_M:4.0
18,80,50,25,4.0,516.94,13.25419904461517,39.0,26,2.1581450630612427,PEPE,R:18_L:80_F:50_A:25_M:4.0
10,20,100,30,3.0,263.77,13.246024534565237,19.91,24,2.6509965035191034,TAO,R:10_L:20_F:100_A:30_M:3.0
10,40,100,10,1.5,462.14,13.226151835133471,34.94,32,2.16171763207668,FLOKI,R:10_L:40_F:100_A:10_M:1.5
18,80,50,10,4.0,514.98,13.204087645693988,39.0,26,2.1549682730464146,PEPE,R:18_L:80_F:50_A:10_M:4.0
18,80,50,5,5.0,514.09,13.181265928069084,39.0,26,2.1529286378533268,PEPE,R:18_L:80_F:50_A:5_M:5.0
10,20,100,7,3.0,262.39,13.176716872818956,19.91,25,2.6604214120535707,TAO,R:10_L:20_F:100_A:7_M:3.0
10,40,100,5,2.5,460.31,13.173596117686673,34.94,32,2.1332547545645717,FLOKI,R:10_L:40_F:100_A:5_M:2.5
9,40,100,25,2.0,460.12,13.168194025269225,34.94,35,2.14890471859129,FLOKI,R:9_L:40_F:100_A:25_M:2.0
18,80,50,30,4.0,513.43,13.16430539535099,39.0,26,2.1526994355713063,PEPE,R:18_L:80_F:50_A:30_M:4.0
7,50,150,10,2.0,509.53,13.161518801345338,38.71,18,2.547043729722566,BONK,R:7_L:50_F:150_A:10_M:2.0
7,50,200,20,2.0,480.33,13.15933486443726,36.5,17,2.5279114746276736,BONK,R:7_L:50_F:200_A:20_M:2.0
9,40,100,20,2.0,458.98,13.135621641432332,34.94,35,2.147026912554801,FLOKI,R:9_L:40_F:100_A:20_M:2.0
10,20,100,5,3.0,261.55,13.134620128665974,19.91,25,2.622903896644968,TAO,R:10_L:20_F:100_A:5_M:3.0
5,50,150,10,2.0,481.92,13.125789492492302,36.72,22,2.4470560271685766,BONK,R:5_L:50_F:150_A:10_M:2.0
5,50,150,14,1.5,489.88,13.108639644850811,37.37,22,2.4632660075912334,BONK,R:5_L:50_F:150_A:14_M:1.5
10,40,100,5,2.0,457.9,13.10458516123155,34.94,32,2.129451873204194,FLOKI,R:10_L:40_F:100_A:5_M:2.0
7,50,200,14,2.0,481.07,13.103625536549613,36.71,17,2.5286406894033666,BONK,R:7_L:50_F:200_A:14_M:2.0
9,40,100,5,6.0,472.67,13.09594599280769,36.09,35,2.149589717724221,FLOKI,R:9_L:40_F:100_A:5_M:6.0
7,50,150,30,1.5,468.46,13.09009997104931,35.79,18,2.516235380407961,BONK,R:7_L:50_F:150_A:30_M:1.5
10,40,100,20,2.5,456.04,13.05132590951811,34.94,32,2.125622140488057,FLOKI,R:10_L:40_F:100_A:20_M:2.5
18,80,50,14,3.0,511.99,13.046024988873553,39.25,26,2.1506545640297405,PEPE,R:18_L:80_F:50_A:14_M:3.0
18,80,50,7,5.0,508.7,13.04295348575633,39.0,26,2.1442775915676804,PEPE,R:18_L:80_F:50_A:7_M:5.0
9,40,200,30,1.0,507.45,13.028276317248215,38.95,26,2.534536064151948,BONK,R:9_L:40_F:200_A:30_M:1.0
18,80,50,10,5.0,507.9,13.022422055254822,39.0,26,2.1429672085279057,PEPE,R:18_L:80_F:50_A:10_M:5.0
10,40,100,5,1.5,454.52,13.007915900174796,34.94,32,2.11980728890409,FLOKI,R:10_L:40_F:100_A:5_M:1.5
18,80,50,5,4.0,506.12,12.976906974651031,39.0,26,2.140566011446364,PEPE,R:18_L:80_F:50_A:5_M:4.0
15,80,100,14,3.0,478.34,12.9760628716128,36.86,26,2.132841494298705,PEPE,R:15_L:80_F:100_A:14_M:3.0
15,80,100,5,3.0,488.75,12.966486648518517,37.69,26,2.1487039145722937,PEPE,R:15_L:80_F:100_A:5_M:3.0
10,40,100,25,2.5,452.42,12.947727814857744,34.94,32,2.1186968956710124,FLOKI,R:10_L:40_F:100_A:25_M:2.5
7,50,200,25,2.0,472.93,12.943162863736571,36.54,17,2.5094433825927247,BONK,R:7_L:50_F:200_A:25_M:2.0
7,50,200,30,2.0,473.26,12.932543183933303,36.59,17,2.5090643070024075,BONK,R:7_L:50_F:200_A:30_M:2.0
18,80,50,7,3.0,504.0,12.922487913239506,39.0,26,2.138320008123412,PEPE,R:18_L:80_F:50_A:7_M:3.0
10,40,100,25,3.0,451.53,12.922242459371883,34.94,32,2.117833449130727,FLOKI,R:10_L:40_F:100_A:25_M:3.0
10,20,100,5,2.5,256.86,12.899275497288375,19.91,25,2.5964142098225027,TAO,R:10_L:20_F:100_A:5_M:2.5
15,80,100,20,3.0,493.88,12.897808524534565,38.29,26,2.161569639280604,PEPE,R:15_L:80_F:100_A:20_M:3.0
10,40,100,10,2.5,450.45,12.891349100844348,34.94,32,2.116071175406367,FLOKI,R:10_L:40_F:100_A:10_M:2.5
15,80,100,5,2.5,473.66,12.875189228213632,36.79,26,2.1266258356277965,PEPE,R:15_L:80_F:100_A:5_M:2.5
10,40,100,5,1.0,449.77,12.871870917469732,34.94,32,2.1385839497847074,FLOKI,R:10_L:40_F:100_A:5_M:1.0
9,40,100,20,4.0,473.4,12.86840435116063,36.79,35,2.1501197413505384,FLOKI,R:9_L:40_F:100_A:20_M:4.0
10,40,100,30,2.0,449.28,12.857943760962527,34.94,32,2.139169510039794,FLOKI,R:10_L:40_F:100_A:30_M:2.0
5,50,150,5,2.0,478.77,12.852598442595212,37.25,22,2.4403201630628644,BONK,R:5_L:50_F:150_A:5_M:2.0
10,40,100,7,3.0,448.81,12.844487493962378,34.94,32,2.112207734379385,FLOKI,R:10_L:40_F:100_A:7_M:3.0
5,50,150,7,2.0,477.22,12.839355863967665,37.17,22,2.4370555388638464,BONK,R:5_L:50_F:150_A:7_M:2.0
9,40,100,14,1.5,448.37,12.831844257111516,34.94,35,2.1262696440119955,FLOKI,R:9_L:40_F:100_A:14_M:1.5
9,40,100,7,6.0,470.58,12.827178284473156,36.69,35,2.1456128804149883,FLOKI,R:9_L:40_F:100_A:7_M:6.0
15,80,100,25,2.5,456.83,12.812459970315688,35.65,26,2.11509418291384,PEPE,R:15_L:80_F:100_A:25_M:2.5
10,40,100,14,2.5,447.52,12.807684438494512,34.94,32,2.1096620458644844,FLOKI,R:10_L:40_F:100_A:14_M:2.5
15,80,100,7,3.0,473.7,12.802013844308346,37.0,26,2.123756104135106,PEPE,R:15_L:80_F:100_A:7_M:3.0
18,80,50,25,5.0,497.95,12.767397999943324,39.0,26,2.1273363704679134,PEPE,R:18_L:80_F:50_A:25_M:5.0
10,40,100,10,3.0,445.73,12.756355718305192,34.94,32,2.106824962536716,FLOKI,R:10_L:40_F:100_A:10_M:3.0
7,50,200,7,1.5,459.04,12.749799243717188,36.0,17,2.4906345518128683,BONK,R:7_L:50_F:200_A:7_M:1.5
10,40,100,20,2.0,444.5,12.721239798512284,34.94,32,2.1288000024324374,FLOKI,R:10_L:40_F:100_A:20_M:2.0
10,40,100,20,4.0,449.71,12.714992989068842,35.37,32,2.113289235761464,FLOKI,R:10_L:40_F:100_A:20_M:4.0
5,50,150,10,1.5,480.07,12.71092289112213,37.77,22,2.4406298779435374,BONK,R:5_L:50_F:150_A:10_M:1.5
10,40,100,14,1.5,442.97,12.677328180934886,34.94,32,2.123299394300514,FLOKI,R:10_L:40_F:100_A:14_M:1.5
18,80,50,10,3.0,506.16,12.675234607096858,39.93,26,2.141598053460421,PEPE,R:18_L:80_F:50_A:10_M:3.0
18,80,100,7,4.0,464.31,12.6728342357571,36.64,21,2.1303787293628624,PEPE,R:18_L:80_F:100_A:7_M:4.0
10,40,100,25,2.0,442.69,12.669418994691403,34.94,32,2.1251411367256408,FLOKI,R:10_L:40_F:100_A:25_M:2.0
10,40,100,30,2.5,442.68,12.668966147626428,34.94,32,2.101654641964416,FLOKI,R:10_L:40_F:100_A:30_M:2.5
18,80,50,30,5.0,495.42,12.649952226415945,39.16,26,2.12323715969708,PEPE,R:18_L:80_F:50_A:30_M:5.0
18,80,50,5,3.0,503.52,12.627146525852122,39.88,26,2.139603101160061,PEPE,R:18_L:80_F:50_A:5_M:3.0
5,50,150,25,2.0,470.63,12.619400801117624,37.29,22,2.421376536683644,BONK,R:5_L:50_F:150_A:25_M:2.0
15,80,100,7,4.0,488.2,12.60971397948162,38.72,26,2.1480709167761938,PEPE,R:15_L:80_F:100_A:7_M:4.0
14,80,100,14,3.0,435.83,12.60575989177721,34.57,24,2.088185542416495,PEPE,R:14_L:80_F:100_A:14_M:3.0
18,80,50,20,5.0,491.24,12.595312787556594,39.0,26,2.1163586508284538,PEPE,R:18_L:80_F:50_A:20_M:5.0
10,40,100,7,2.5,439.66,12.582721111468024,34.94,32,2.095531552939557,FLOKI,R:10_L:40_F:100_A:7_M:2.5
7,50,150,7,2.0,500.38,12.579202852302808,39.78,18,2.5245900419437723,BONK,R:7_L:50_F:150_A:7_M:2.0
18,80,100,20,4.0,460.43,12.56688948101172,36.64,21,2.123891427002125,PEPE,R:18_L:80_F:100_A:20_M:4.0
7,50,150,20,2.5,499.25,12.558041396603276,39.76,18,2.523553163105233,BONK,R:7_L:50_F:150_A:20_M:2.5
5,50,150,30,2.0,473.69,12.551147171029776,37.74,22,2.427895659360552,BONK,R:5_L:50_F:150_A:30_M:2.0
10,40,100,5,3.0,438.52,12.55008394402046,34.94,32,2.091841140720219,FLOKI,R:10_L:40_F:100_A:5_M:3.0
14,80,100,30,4.0,434.41,12.511055526296952,34.72,24,2.086243972593496,PEPE,R:14_L:80_F:100_A:30_M:4.0
10,40,100,20,3.0,436.67,12.497088512479548,34.94,32,2.08929379821961,FLOKI,R:10_L:40_F:100_A:20_M:3.0
7,50,150,20,1.5,446.09,12.488784665226415,35.72,18,2.475039348316651,BONK,R:7_L:50_F:150_A:20_M:1.5
14,80,100,25,4.0,434.84,12.483469272530066,34.83,24,2.0871538118438173,PEPE,R:14_L:80_F:100_A:25_M:4.0
15,80,100,10,2.5,438.91,12.468961977278166,35.2,26,2.079670770720367,PEPE,R:15_L:80_F:100_A:10_M:2.5
9,40,100,25,4.0,467.96,12.46768867703064,37.53,35,2.1401047538957614,FLOKI,R:9_L:40_F:100_A:25_M:4.0
7,50,200,10,2.0,466.95,12.452888719265308,37.5,17,2.4921958695068303,BONK,R:7_L:50_F:200_A:10_M:2.0
9,40,100,30,4.0,467.7,12.44941810701015,37.57,35,2.139717663876658,FLOKI,R:9_L:40_F:100_A:30_M:4.0
10,40,100,30,3.0,434.77,12.442605576897485,34.94,32,2.0860880192588964,FLOKI,R:10_L:40_F:100_A:30_M:3.0
8,50,150,20,1.5,467.76,12.435790127790607,37.61,16,2.538875774042137,BONK,R:8_L:50_F:150_A:20_M:1.5
10,80,100,25,1.0,433.91,12.434712658633472,34.89,29,2.119866401907973,PEPE,R:10_L:80_F:100_A:25_M:1.0
18,80,100,14,4.0,455.09,12.421218770086442,36.64,21,2.114303468083409,PEPE,R:18_L:80_F:100_A:14_M:4.0
18,80,100,25,4.0,454.99,12.418357037694012,36.64,21,2.1141683315863067,PEPE,R:18_L:80_F:100_A:25_M:4.0
7,50,150,5,2.5,503.4,12.416130343675324,40.54,18,2.5307623242026813,BONK,R:7_L:50_F:150_A:5_M:2.5
18,80,100,14,3.0,453.83,12.38500937676572,36.64,21,2.1119325153549,PEPE,R:18_L:80_F:100_A:14_M:3.0
7,50,150,30,2.5,493.58,12.379739747095783,39.87,18,2.5093524170840484,BONK,R:7_L:50_F:150_A:30_M:2.5
18,80,100,10,4.0,453.23,12.370369570052224,36.64,21,2.110808573448773,PEPE,R:18_L:80_F:100_A:10_M:4.0
10,40,100,14,3.0,431.9,12.360640152249488,34.94,32,2.0802149310999494,FLOKI,R:10_L:40_F:100_A:14_M:3.0
7,50,150,25,2.5,491.84,12.357222538934405,39.8,18,2.5054006298527915,BONK,R:7_L:50_F:150_A:25_M:2.5
7,50,150,10,1.5,450.38,12.355591813563288,36.45,18,2.471751057566636,BONK,R:7_L:50_F:150_A:10_M:1.5
9,40,200,20,1.0,475.41,12.34918168049722,38.5,26,2.4936308115194104,BONK,R:9_L:40_F:200_A:20_M:1.0
18,80,100,5,5.0,452.43,12.34851513254634,36.64,21,2.1086136041579637,PEPE,R:18_L:80_F:100_A:5_M:5.0
14,80,100,5,2.5,440.56,12.348156334780926,35.68,24,2.095871547381062,PEPE,R:14_L:80_F:100_A:5_M:2.5
10,50,100,7,2.0,431.01,12.334995577541063,34.94,33,2.0588749589972566,FLOKI,R:10_L:50_F:100_A:7_M:2.0
15,80,100,5,4.0,482.04,12.33270493736733,39.09,26,2.137536792659736,PEPE,R:15_L:80_F:100_A:5_M:4.0
18,80,100,30,4.0,451.83,12.332273458346084,36.64,21,2.108426590165436,PEPE,R:18_L:80_F:100_A:30_M:4.0
10,80,100,30,1.0,430.44,12.329128334498726,34.91,29,2.1125784470207103,PEPE,R:10_L:80_F:100_A:30_M:1.0
9,40,100,14,6.0,475.49,12.328318167776148,38.57,35,2.153336548144624,FLOKI,R:9_L:40_F:100_A:14_M:6.0
7,50,150,14,1.5,441.49,12.306421388591415,35.87,18,2.464016378219954,BONK,R:7_L:50_F:150_A:14_M:1.5
10,40,100,25,4.0,444.2,12.294135103769158,36.13,32,2.102704106373116,FLOKI,R:10_L:40_F:100_A:25_M:4.0
7,50,150,25,1.5,439.41,12.292353743018746,35.75,18,2.4574841459475048,BONK,R:7_L:50_F:150_A:25_M:1.5
10,20,100,7,2.0,263.89,12.289012571799637,21.47,25,2.638469469177485,TAO,R:10_L:20_F:100_A:7_M:2.0
15,80,100,20,2.5,448.14,12.284466869004078,36.48,26,2.099259921379458,PEPE,R:15_L:80_F:100_A:20_M:2.5
18,80,100,5,2.5,469.02,12.279364931396744,38.2,21,2.143487902716081,PEPE,R:18_L:80_F:100_A:5_M:2.5
18,80,100,7,3.0,449.84,12.277777407795211,36.64,21,2.105096225163056,PEPE,R:18_L:80_F:100_A:7_M:3.0
18,80,50,25,3.0,512.98,12.26808069652329,41.81,26,2.1551826311702684,PEPE,R:18_L:80_F:50_A:25_M:3.0
18,80,100,20,3.0,466.44,12.26172809043884,38.04,21,2.136780714022597,PEPE,R:18_L:80_F:100_A:20_M:3.0
7,50,150,7,3.0,497.01,12.258582003905492,40.54,18,2.5172928418765474,BONK,R:7_L:50_F:150_A:7_M:3.0
10,40,100,30,4.0,443.2,12.25464045433588,36.17,32,2.1008819649625545,FLOKI,R:10_L:40_F:100_A:30_M:4.0
9,40,200,25,1.0,473.56,12.245201450272145,38.67,26,2.487950795693759,BONK,R:9_L:40_F:200_A:25_M:1.0
14,80,100,5,1.0,425.24,12.2372904920943,34.75,24,2.0979664550476858,PEPE,R:14_L:80_F:100_A:5_M:1.0
10,80,100,20,1.0,433.58,12.236563629912308,35.43,29,2.119404435381225,PEPE,R:10_L:80_F:100_A:20_M:1.0
7,50,200,5,1.5,453.18,12.232086611558625,37.05,17,2.475224231434312,BONK,R:7_L:50_F:200_A:5_M:1.5
18,80,50,30,3.0,512.94,12.22806576300597,41.95,26,2.155141311604801,PEPE,R:18_L:80_F:50_A:30_M:3.0
18,80,50,5,2.5,515.39,12.22781610453077,42.15,26,2.158777220825542,PEPE,R:18_L:80_F:50_A:5_M:2.5
7,50,150,5,3.0,495.56,12.222740685561662,40.54,18,2.5141571527895623,BONK,R:7_L:50_F:150_A:5_M:3.0
18,80,100,7,5.0,447.58,12.21606495169268,36.64,21,2.0994753209784456,PEPE,R:18_L:80_F:100_A:7_M:5.0
7,50,150,5,2.0,502.54,12.214200510713756,41.14,18,2.5245025510834336,BONK,R:7_L:50_F:150_A:5_M:2.0
15,80,100,10,3.0,468.58,12.20403674032822,38.4,26,2.114612133382425,PEPE,R:15_L:80_F:100_A:10_M:3.0
18,80,100,10,5.0,446.86,12.196403729335271,36.64,21,2.0980895612094024,PEPE,R:18_L:80_F:100_A:10_M:5.0
8,50,150,14,1.5,461.82,12.182611992349337,37.91,16,2.523690974216346,BONK,R:8_L:50_F:150_A:14_M:1.5
7,50,150,14,2.5,487.19,12.175266079521386,40.01,18,2.496602438304379,BONK,R:7_L:50_F:150_A:14_M:2.5
9,40,100,14,4.0,467.51,12.172785592902914,38.41,35,2.138935166274024,FLOKI,R:9_L:40_F:100_A:14_M:4.0
9,50,200,5,1.0,493.08,12.16934664366284,40.52,17,2.592972250131222,BONK,R:9_L:50_F:200_A:5_M:1.0
15,80,100,30,3.0,445.81,12.167101784635555,36.64,26,2.0950184840613435,PEPE,R:15_L:80_F:100_A:30_M:3.0
18,80,100,5,4.0,445.26,12.152817768761256,36.64,21,2.0955766748288545,PEPE,R:18_L:80_F:100_A:5_M:4.0
15,80,100,20,4.0,490.74,12.14818085784361,40.4,26,2.1528022994851543,PEPE,R:15_L:80_F:100_A:20_M:4.0
18,80,50,14,5.0,483.89,12.143746714067468,39.85,26,2.1041968585361843,PEPE,R:18_L:80_F:50_A:14_M:5.0
10,20,100,20,2.5,261.66,12.13397484318475,21.56,24,2.637540919290574,TAO,R:10_L:20_F:100_A:20_M:2.5
7,50,150,10,2.5,497.11,12.131757619745198,40.98,18,2.5144889654331832,BONK,R:7_L:50_F:150_A:10_M:2.5
15,80,100,30,2.5,451.33,12.111665147390584,37.26,26,2.104741626658827,PEPE,R:15_L:80_F:100_A:30_M:2.5
15,80,100,30,4.0,472.86,12.10362042739141,39.07,26,2.1243910902425744,PEPE,R:15_L:80_F:100_A:30_M:4.0
10,20,100,14,2.5,261.25,12.096011732109304,21.6,24,2.635023535269845,TAO,R:10_L:20_F:100_A:14_M:2.5
14,80,100,20,4.0,427.18,12.082251080247705,35.36,24,2.071265382847389,PEPE,R:14_L:80_F:100_A:20_M:4.0
18,80,50,7,2.5,504.95,12.081365942628764,41.8,26,2.141855290736835,PEPE,R:18_L:80_F:50_A:7_M:2.5
15,80,100,10,4.0,479.04,12.056194499098307,39.73,26,2.132618285326332,PEPE,R:15_L:80_F:100_A:10_M:4.0
18,80,100,10,3.0,449.76,12.038411498711737,37.36,21,2.104679984658984,PEPE,R:18_L:80_F:100_A:10_M:3.0
9,40,100,7,4.0,468.23,12.037685746174075,38.9,35,2.1394784300989595,FLOKI,R:9_L:40_F:100_A:7_M:4.0
18,80,50,5,6.0,496.48,12.037046718488654,41.25,26,2.124291430725156,PEPE,R:18_L:80_F:50_A:5_M:6.0
5,50,150,7,1.5,459.6,12.031994820623073,38.2,22,2.393798285195639,BONK,R:5_L:50_F:150_A:7_M:1.5
10,40,100,14,4.0,444.54,12.006856721817664,37.02,32,2.102975670443579,FLOKI,R:10_L:40_F:100_A:14_M:4.0
21,30,50,14,1.0,461.18,11.997818091294674,38.44,40,2.2977416103861037,BONK,R:21_L:30_F:50_A:14_M:1.0
9,50,200,7,1.0,488.5,11.99501148278407,40.73,17,2.582003547824624,BONK,R:9_L:50_F:200_A:7_M:1.0
18,80,50,20,3.0,506.4,11.977808931230976,42.28,26,2.1425700768476497,PEPE,R:18_L:80_F:50_A:20_M:3.0
18,80,50,10,6.0,489.07,11.963420630761894,40.88,26,2.111920552065549,PEPE,R:18_L:80_F:50_A:10_M:6.0
18,80,50,7,6.0,490.02,11.935698865263388,41.06,26,2.11354020127094,PEPE,R:18_L:80_F:50_A:7_M:6.0
12,20,200,5,6.0,489.85,11.931247308834497,41.06,36,2.47809872476071,BONK,R:12_L:20_F:200_A:5_M:6.0
12,20,200,5,5.0,489.85,11.931247308834497,41.06,36,2.47809872476071,BONK,R:12_L:20_F:200_A:5_M:5.0
12,20,200,20,5.0,489.85,11.931247308834497,41.06,36,2.47809872476071,BONK,R:12_L:20_F:200_A:20_M:5.0
12,20,200,30,6.0,489.85,11.931247308834497,41.06,36,2.47809872476071,BONK,R:12_L:20_F:200_A:30_M:6.0
12,20,200,30,5.0,489.85,11.931247308834497,41.06,36,2.47809872476071,BONK,R:12_L:20_F:200_A:30_M:5.0
12,20,200,25,6.0,489.85,11.931247308834497,41.06,36,2.47809872476071,BONK,R:12_L:20_F:200_A:25_M:6.0
12,20,200,10,6.0,489.85,11.931247308834497,41.06,36,2.47809872476071,BONK,R:12_L:20_F:200_A:10_M:6.0
12,20,200,25,5.0,489.85,11.931247308834497,41.06,36,2.47809872476071,BONK,R:12_L:20_F:200_A:25_M:5.0
12,20,200,20,6.0,489.85,11.931247308834497,41.06,36,2.47809872476071,BONK,R:12_L:20_F:200_A:20_M:6.0
12,20,200,14,6.0,489.85,11.931247308834497,41.06,36,2.47809872476071,BONK,R:12_L:20_F:200_A:14_M:6.0
12,20,200,14,5.0,489.85,11.931247308834497,41.06,36,2.47809872476071,BONK,R:12_L:20_F:200_A:14_M:5.0
12,20,200,7,5.0,489.85,11.931247308834497,41.06,36,2.47809872476071,BONK,R:12_L:20_F:200_A:7_M:5.0
12,20,200,7,6.0,489.85,11.931247308834497,41.06,36,2.47809872476071,BONK,R:12_L:20_F:200_A:7_M:6.0
10,50,100,5,2.0,421.91,11.920802384715047,35.39,33,2.041597504225835,FLOKI,R:10_L:50_F:100_A:5_M:2.0
18,80,100,5,6.0,436.58,11.915924686496496,36.64,21,2.0783567105954743,PEPE,R:18_L:80_F:100_A:5_M:6.0
7,50,200,30,1.5,477.37,11.915382198693544,40.06,17,2.524854490552866,BONK,R:7_L:50_F:200_A:30_M:1.5
15,80,100,30,2.0,402.64,11.912781752998312,33.8,26,2.0209532515035478,PEPE,R:15_L:80_F:100_A:30_M:2.0
18,80,100,30,3.0,463.76,11.902335523999248,38.96,21,2.134589912313039,PEPE,R:18_L:80_F:100_A:30_M:3.0
9,40,200,10,1.0,468.21,11.895098536393451,39.36,26,2.474896992176293,BONK,R:9_L:40_F:200_A:10_M:1.0
5,50,150,30,1.0,423.12,11.888108857370396,35.59,22,2.3630206854434537,BONK,R:5_L:50_F:150_A:30_M:1.0
7,50,200,7,2.0,458.43,11.881834325873465,38.58,17,2.4693396114836523,BONK,R:7_L:50_F:200_A:7_M:2.0
7,50,150,7,4.0,481.65,11.879726120209265,40.54,18,2.4828808260514394,BONK,R:7_L:50_F:150_A:7_M:4.0
14,80,100,10,3.0,422.46,11.871452210893349,35.59,24,2.061375509760372,PEPE,R:14_L:80_F:100_A:10_M:3.0
7,50,200,20,2.5,457.38,11.861790446047406,38.56,17,2.468278658512292,BONK,R:7_L:50_F:200_A:20_M:2.5
15,80,100,25,4.0,472.74,11.846007853354209,39.91,26,2.124242432738248,PEPE,R:15_L:80_F:100_A:25_M:4.0
7,50,150,5,4.0,479.68,11.831146082345764,40.54,18,2.478274588427756,BONK,R:7_L:50_F:150_A:5_M:4.0
5,50,150,10,2.5,466.27,11.825109700589923,39.43,22,2.413470944510315,BONK,R:5_L:50_F:150_A:10_M:2.5
5,50,150,7,1.0,424.69,11.825021829242976,35.91,22,2.3636262965032637,BONK,R:5_L:50_F:150_A:7_M:1.0
10,20,100,25,2.5,260.49,11.821136871385498,22.04,24,2.629821425951498,TAO,R:10_L:20_F:100_A:25_M:2.5
21,30,50,20,1.0,456.15,11.820409669664553,38.59,40,2.292287218409288,BONK,R:21_L:30_F:50_A:20_M:1.0
14,80,100,25,3.0,452.34,11.805417105476437,38.32,24,2.121723542381677,PEPE,R:14_L:80_F:100_A:25_M:3.0
10,50,100,10,2.0,434.76,11.787904524234676,36.88,33,2.066530281906595,FLOKI,R:10_L:50_F:100_A:10_M:2.0
8,50,150,10,2.0,484.48,11.77837989174238,41.13,16,2.5110383046290647,BONK,R:8_L:50_F:150_A:10_M:2.0
18,80,100,7,6.0,430.78,11.757492447084914,36.64,21,2.066993975241984,PEPE,R:18_L:80_F:100_A:7_M:6.0
18,80,100,25,3.0,463.21,11.735014881329343,39.47,21,2.1335237929052653,PEPE,R:18_L:80_F:100_A:25_M:3.0
9,40,200,5,1.0,454.38,11.727397379066344,38.74,26,2.4415884438920235,BONK,R:9_L:40_F:200_A:5_M:1.0
7,50,200,5,2.5,461.24,11.717487291766504,39.36,17,2.4756257483107524,BONK,R:7_L:50_F:200_A:5_M:2.5
5,50,150,14,2.5,462.74,11.701432325967913,39.55,22,2.405728815686345,BONK,R:5_L:50_F:150_A:14_M:2.5
10,40,100,5,5.0,446.35,11.697068895117736,38.16,32,2.107337216062529,FLOKI,R:10_L:40_F:100_A:5_M:5.0
9,40,100,10,4.0,464.88,11.696918326377425,39.74,35,2.133588595244017,FLOKI,R:9_L:40_F:100_A:10_M:4.0
7,50,200,30,2.5,452.11,11.689595174842404,38.68,17,2.453826042586028,BONK,R:7_L:50_F:200_A:30_M:2.5
7,50,150,30,4.0,473.87,11.687809395050254,40.54,18,2.464444426216287,BONK,R:7_L:50_F:150_A:30_M:4.0
7,50,150,10,4.0,473.79,11.685694806851355,40.54,18,2.464237785867891,BONK,R:7_L:50_F:150_A:10_M:4.0
18,80,100,30,5.0,435.63,11.680765932818291,37.29,21,2.077285229582728,PEPE,R:18_L:80_F:100_A:30_M:5.0
9,40,200,14,1.0,468.69,11.67982517890898,40.13,26,2.476997319051545,BONK,R:9_L:40_F:200_A:14_M:1.0
18,80,100,25,5.0,437.91,11.672157990789437,37.52,21,2.081610166401651,PEPE,R:18_L:80_F:100_A:25_M:5.0
18,80,50,14,6.0,478.28,11.671484320893624,40.98,26,2.0934595770977085,PEPE,R:18_L:80_F:50_A:14_M:6.0
7,50,150,14,4.0,473.13,11.669505252854158,40.54,18,2.462653260599919,BONK,R:7_L:50_F:150_A:14_M:4.0
7,50,200,25,2.5,450.49,11.668718784067552,38.61,17,2.44980302205423,BONK,R:7_L:50_F:200_A:25_M:2.5
15,80,100,7,2.5,433.15,11.668444737175223,37.12,26,2.068609975152224,PEPE,R:15_L:80_F:100_A:7_M:2.5
7,50,150,7,2.5,493.47,11.664013068883468,42.31,18,2.503018914557685,BONK,R:7_L:50_F:150_A:7_M:2.5
7,50,150,20,4.0,472.87,11.663026217104107,40.54,18,2.462017920421784,BONK,R:7_L:50_F:150_A:20_M:4.0
18,80,100,7,2.5,457.31,11.658787883152938,39.22,21,2.1215853356368752,PEPE,R:18_L:80_F:100_A:7_M:2.5
7,50,150,25,4.0,472.19,11.646327743974886,40.54,18,2.4603772669331456,BONK,R:7_L:50_F:150_A:25_M:4.0
14,80,100,14,2.5,402.03,11.628294718027576,34.57,24,2.038738305448869,PEPE,R:14_L:80_F:100_A:14_M:2.5
15,80,100,14,4.0,475.28,11.627607000272723,40.88,26,2.126344219745275,PEPE,R:15_L:80_F:100_A:14_M:4.0
14,80,100,14,4.0,432.9,11.626884082068582,37.23,24,2.0812147538277737,PEPE,R:14_L:80_F:100_A:14_M:4.0
5,50,150,20,2.5,463.54,11.61679466508334,39.9,22,2.4071634689463624,BONK,R:5_L:50_F:150_A:20_M:2.5
10,20,100,5,2.0,259.12,11.614302843509671,22.31,25,2.6081912941369456,TAO,R:10_L:20_F:100_A:5_M:2.0
18,80,100,10,6.0,429.92,11.60924725428073,37.03,21,2.065280703301045,PEPE,R:18_L:80_F:100_A:10_M:6.0
7,50,200,10,1.5,466.78,11.608351129330648,40.21,17,2.4994810394161444,BONK,R:7_L:50_F:200_A:10_M:1.5
7,50,200,20,1.5,456.92,11.607276563352547,39.36,17,2.490410559212788,BONK,R:7_L:50_F:200_A:20_M:1.5
18,80,50,25,6.0,467.86,11.60705690816227,40.31,26,2.0765555176612933,PEPE,R:18_L:80_F:50_A:25_M:6.0
15,80,100,7,5.0,470.71,11.603356740301736,40.57,26,2.118362656193825,PEPE,R:15_L:80_F:100_A:7_M:5.0
10,40,100,14,6.0,433.62,11.590213007957082,37.41,32,2.0818804266733526,FLOKI,R:10_L:40_F:100_A:14_M:6.0
7,50,200,14,1.5,456.93,11.587370465141408,39.43,17,2.490456515334012,BONK,R:7_L:50_F:200_A:14_M:1.5
5,50,150,7,2.5,463.06,11.580448398462757,39.99,22,2.4049473855499386,BONK,R:5_L:50_F:150_A:7_M:2.5
10,80,100,14,1.0,427.02,11.571296716443726,36.9,29,2.1064415617257075,PEPE,R:10_L:80_F:100_A:14_M:1.0
7,50,200,7,3.0,455.3,11.5665519423165,39.36,17,2.46190905143382,BONK,R:7_L:50_F:200_A:7_M:3.0
10,40,100,7,4.0,434.0,11.565661398082176,37.53,32,2.082080323096392,FLOKI,R:10_L:40_F:100_A:7_M:4.0
7,50,150,20,3.0,482.97,11.561562230593315,41.77,18,2.4817273337231267,BONK,R:7_L:50_F:150_A:20_M:3.0
14,80,100,25,5.0,429.08,11.552929291755635,37.14,24,2.073690418693234,PEPE,R:14_L:80_F:100_A:25_M:5.0
9,40,100,10,6.0,458.45,11.542331585960046,39.72,35,2.122149027497004,FLOKI,R:9_L:40_F:100_A:10_M:6.0
14,80,100,10,2.5,398.91,11.537911035182598,34.57,24,2.032679059119558,PEPE,R:14_L:80_F:100_A:10_M:2.5
10,40,100,5,6.0,440.25,11.537134940694605,38.16,32,2.0953309746533164,FLOKI,R:10_L:40_F:100_A:5_M:6.0
5,50,150,5,2.5,462.48,11.537106427650016,40.09,22,2.403840029114027,BONK,R:5_L:50_F:150_A:5_M:2.5
7,50,200,5,3.0,453.95,11.53221504027819,39.36,17,2.458716069256291,BONK,R:7_L:50_F:200_A:5_M:3.0
7,50,150,25,3.0,482.13,11.526177477533423,41.83,18,2.479728899489408,BONK,R:7_L:50_F:150_A:25_M:3.0
14,80,100,30,5.0,428.8,11.522700637556037,37.21,24,2.0731178104964223,PEPE,R:14_L:80_F:100_A:30_M:5.0
7,50,150,30,3.0,482.85,11.520841965989549,41.91,18,2.481155863571404,BONK,R:7_L:50_F:150_A:30_M:3.0
7,50,200,5,2.0,460.44,11.518154044250752,39.98,17,2.469268307138959,BONK,R:7_L:50_F:200_A:5_M:2.0
5,50,150,25,2.5,462.18,11.514848810054032,40.14,22,2.40401566823849,BONK,R:5_L:50_F:150_A:25_M:2.5
5,50,150,5,1.5,456.3,11.503195190404709,39.67,22,2.383864862222141,BONK,R:5_L:50_F:150_A:5_M:1.5
10,40,100,7,5.0,443.07,11.502619902612826,38.52,32,2.100911820821702,FLOKI,R:10_L:40_F:100_A:7_M:5.0
14,80,100,7,3.0,425.58,11.501382853636676,37.0,24,2.0673456748000683,PEPE,R:14_L:80_F:100_A:7_M:3.0
21,30,50,10,1.0,448.23,11.500116918296005,38.98,40,2.2663159569654394,BONK,R:21_L:30_F:50_A:10_M:1.0
14,80,100,7,4.0,433.36,11.492582607888822,37.71,24,2.0821870300919945,PEPE,R:14_L:80_F:100_A:7_M:4.0
18,80,100,14,5.0,425.26,11.491619809414043,37.01,21,2.05718535180778,PEPE,R:18_L:80_F:100_A:14_M:5.0
10,40,100,7,6.0,437.99,11.47811328306839,38.16,32,2.090831194342859,FLOKI,R:10_L:40_F:100_A:7_M:6.0
18,80,100,20,5.0,431.87,11.455667686296636,37.7,21,2.070021776086185,PEPE,R:18_L:80_F:100_A:20_M:5.0
10,30,50,10,0.5,400.17,11.45259075278392,34.94,55,2.2210326393154114,FLOKI,R:10_L:30_F:50_A:10_M:0.5
7,80,50,20,1.0,439.68,11.431616470415351,38.46,45,2.097620425534481,PEPE,R:7_L:80_F:50_A:20_M:1.0
14,80,100,25,1.5,408.21,11.373451705029105,35.89,24,2.063815293925191,PEPE,R:14_L:80_F:100_A:25_M:1.5
10,40,100,10,4.0,435.25,11.33743940379602,38.39,32,2.0847777672210666,FLOKI,R:10_L:40_F:100_A:10_M:4.0
7,80,50,25,1.0,437.63,11.336490662648204,38.6,45,2.0937155071080222,PEPE,R:7_L:80_F:50_A:25_M:1.0
14,80,100,20,5.0,427.73,11.31748098379622,37.79,24,2.071054393337476,PEPE,R:14_L:80_F:100_A:20_M:5.0
14,80,100,20,1.5,403.67,11.31198184262739,35.69,24,2.054475588255261,PEPE,R:14_L:80_F:100_A:20_M:1.5
10,30,50,7,0.5,394.49,11.28991615667766,34.94,55,2.2069997904526497,FLOKI,R:10_L:30_F:50_A:7_M:0.5
9,40,100,5,4.0,459.52,11.22855480043496,40.92,35,2.122194434454793,FLOKI,R:9_L:40_F:100_A:5_M:4.0
9,40,100,20,5.0,452.48,11.08156129087923,40.83,35,2.1103220474893734,FLOKI,R:9_L:40_F:100_A:20_M:5.0
9,40,100,25,5.0,462.01,11.0711001899237,41.73,35,2.1272231215324244,FLOKI,R:9_L:40_F:100_A:25_M:5.0
9,40,100,30,5.0,461.85,11.05696729648382,41.77,35,2.1270042970389174,FLOKI,R:9_L:40_F:100_A:30_M:5.0
10,30,50,5,0.5,385.7,11.038232129788256,34.94,55,2.185968537984921,FLOKI,R:10_L:30_F:50_A:5_M:0.5
10,20,100,20,3.0,251.18,10.93016810889011,22.98,24,2.567657261832945,TAO,R:10_L:20_F:100_A:20_M:3.0
9,50,100,10,2.0,400.28,10.928711458139732,36.63,31,2.028354829038734,FLOKI,R:9_L:50_F:100_A:10_M:2.0
10,20,100,14,3.0,251.18,10.91082404090429,23.02,24,2.567682289193856,TAO,R:10_L:20_F:100_A:14_M:3.0
10,40,100,10,6.0,422.95,10.8362169429472,39.03,32,2.0601104057832886,FLOKI,R:10_L:40_F:100_A:10_M:6.0
10,50,100,10,2.5,404.84,10.828725488507532,37.39,33,2.0089001709711334,FLOKI,R:10_L:50_F:100_A:10_M:2.5
10,20,100,10,2.5,239.72,10.716029034882254,22.37,25,2.516837937455832,TAO,R:10_L:20_F:100_A:10_M:2.5
10,20,100,25,3.0,249.8,10.608473302521135,23.55,24,2.558052115973988,TAO,R:10_L:20_F:100_A:25_M:3.0
10,20,100,7,2.5,244.07,10.51184309877587,23.22,25,2.513005956365885,TAO,R:10_L:20_F:100_A:7_M:2.5
10,20,100,10,1.5,231.69,10.319793183757463,22.45,25,2.487868051090327,TAO,R:10_L:20_F:100_A:10_M:1.5
10,20,100,5,1.5,240.13,10.203776265164896,23.53,25,2.4952408492176814,TAO,R:10_L:20_F:100_A:5_M:1.5
10,20,100,30,2.0,220.37,9.569959840090345,23.03,24,2.426178138714505,TAO,R:10_L:20_F:100_A:30_M:2.0
10,20,100,7,1.5,225.32,9.537681802630978,23.62,25,2.444885474226441,TAO,R:10_L:20_F:100_A:7_M:1.5
9,20,100,7,4.0,215.05,9.403407158903873,22.87,26,2.3941913224109643,TAO,R:9_L:20_F:100_A:7_M:4.0
9,20,100,7,5.0,215.05,9.403407158903873,22.87,26,2.3941913224109643,TAO,R:9_L:20_F:100_A:7_M:5.0
9,20,100,10,6.0,215.05,9.403407158903873,22.87,26,2.3941913224109643,TAO,R:9_L:20_F:100_A:10_M:6.0
9,20,100,10,4.0,215.05,9.403407158903873,22.87,26,2.3941913224109643,TAO,R:9_L:20_F:100_A:10_M:4.0
9,20,100,5,6.0,215.05,9.403407158903873,22.87,26,2.3941913224109643,TAO,R:9_L:20_F:100_A:5_M:6.0
9,20,100,14,5.0,215.05,9.403407158903873,22.87,26,2.3941913224109643,TAO,R:9_L:20_F:100_A:14_M:5.0
9,20,100,10,5.0,215.05,9.403407158903873,22.87,26,2.3941913224109643,TAO,R:9_L:20_F:100_A:10_M:5.0
9,20,100,14,4.0,215.05,9.403407158903873,22.87,26,2.3941913224109643,TAO,R:9_L:20_F:100_A:14_M:4.0
9,20,100,20,5.0,215.05,9.403407158903873,22.87,26,2.3941913224109643,TAO,R:9_L:20_F:100_A:20_M:5.0
9,20,100,20,4.0,215.05,9.403407158903873,22.87,26,2.3941913224109643,TAO,R:9_L:20_F:100_A:20_M:4.0
9,20,100,30,6.0,215.05,9.403407158903873,22.87,26,2.3941913224109643,TAO,R:9_L:20_F:100_A:30_M:6.0
9,20,100,30,5.0,215.05,9.403407158903873,22.87,26,2.3941913224109643,TAO,R:9_L:20_F:100_A:30_M:5.0
9,20,100,30,4.0,215.05,9.403407158903873,22.87,26,2.3941913224109643,TAO,R:9_L:20_F:100_A:30_M:4.0
9,20,100,20,6.0,215.05,9.403407158903873,22.87,26,2.3941913224109643,TAO,R:9_L:20_F:100_A:20_M:6.0
9,20,100,5,5.0,215.05,9.403407158903873,22.87,26,2.3941913224109643,TAO,R:9_L:20_F:100_A:5_M:5.0
9,20,100,25,6.0,215.05,9.403407158903873,22.87,26,2.3941913224109643,TAO,R:9_L:20_F:100_A:25_M:6.0
9,20,100,25,5.0,215.05,9.403407158903873,22.87,26,2.3941913224109643,TAO,R:9_L:20_F:100_A:25_M:5.0
9,20,100,7,6.0,215.05,9.403407158903873,22.87,26,2.3941913224109643,TAO,R:9_L:20_F:100_A:7_M:6.0
9,20,100,14,6.0,215.05,9.403407158903873,22.87,26,2.3941913224109643,TAO,R:9_L:20_F:100_A:14_M:6.0
9,20,100,25,4.0,215.05,9.403407158903873,22.87,26,2.3941913224109643,TAO,R:9_L:20_F:100_A:25_M:4.0
9,20,100,5,4.0,214.37,9.373565547702826,22.87,27,2.3758925326833618,TAO,R:9_L:20_F:100_A:5_M:4.0
10,20,100,25,2.0,216.5,9.040575728740166,23.95,24,2.3978522771675204,TAO,R:10_L:20_F:100_A:25_M:2.0
8,20,100,10,6.0,205.63,8.99126587679785,22.87,28,2.292382799947904,TAO,R:8_L:20_F:100_A:10_M:6.0
8,20,100,7,4.0,205.63,8.99126587679785,22.87,28,2.292382799947904,TAO,R:8_L:20_F:100_A:7_M:4.0
8,20,100,25,6.0,205.63,8.99126587679785,22.87,28,2.292382799947904,TAO,R:8_L:20_F:100_A:25_M:6.0
8,20,100,5,5.0,205.63,8.99126587679785,22.87,28,2.292382799947904,TAO,R:8_L:20_F:100_A:5_M:5.0
8,20,100,20,4.0,205.63,8.99126587679785,22.87,28,2.292382799947904,TAO,R:8_L:20_F:100_A:20_M:4.0
8,20,100,10,5.0,205.63,8.99126587679785,22.87,28,2.292382799947904,TAO,R:8_L:20_F:100_A:10_M:5.0
8,20,100,20,5.0,205.63,8.99126587679785,22.87,28,2.292382799947904,TAO,R:8_L:20_F:100_A:20_M:5.0
8,20,100,10,4.0,205.63,8.99126587679785,22.87,28,2.292382799947904,TAO,R:8_L:20_F:100_A:10_M:4.0
8,20,100,25,4.0,205.63,8.99126587679785,22.87,28,2.292382799947904,TAO,R:8_L:20_F:100_A:25_M:4.0
8,20,100,14,6.0,205.63,8.99126587679785,22.87,28,2.292382799947904,TAO,R:8_L:20_F:100_A:14_M:6.0
8,20,100,30,6.0,205.63,8.99126587679785,22.87,28,2.292382799947904,TAO,R:8_L:20_F:100_A:30_M:6.0
8,20,100,5,6.0,205.63,8.99126587679785,22.87,28,2.292382799947904,TAO,R:8_L:20_F:100_A:5_M:6.0
8,20,100,30,5.0,205.63,8.99126587679785,22.87,28,2.292382799947904,TAO,R:8_L:20_F:100_A:30_M:5.0
8,20,100,30,4.0,205.63,8.99126587679785,22.87,28,2.292382799947904,TAO,R:8_L:20_F:100_A:30_M:4.0
8,20,100,7,6.0,205.63,8.99126587679785,22.87,28,2.292382799947904,TAO,R:8_L:20_F:100_A:7_M:6.0
8,20,100,20,6.0,205.63,8.99126587679785,22.87,28,2.292382799947904,TAO,R:8_L:20_F:100_A:20_M:6.0
8,20,100,25,5.0,205.63,8.99126587679785,22.87,28,2.292382799947904,TAO,R:8_L:20_F:100_A:25_M:5.0
8,20,100,7,5.0,205.63,8.99126587679785,22.87,28,2.292382799947904,TAO,R:8_L:20_F:100_A:7_M:5.0
8,20,100,14,4.0,205.63,8.99126587679785,22.87,28,2.292382799947904,TAO,R:8_L:20_F:100_A:14_M:4.0
8,20,100,14,5.0,205.63,8.99126587679785,22.87,28,2.292382799947904,TAO,R:8_L:20_F:100_A:14_M:5.0
8,20,100,5,4.0,204.96,8.962317046174702,22.87,29,2.2747562312403256,TAO,R:8_L:20_F:100_A:5_M:4.0
10,20,100,20,2.0,217.83,8.95332058389655,24.33,24,2.4084467714461333,TAO,R:10_L:20_F:100_A:20_M:2.0
10,20,100,7,1.0,198.48,8.793445173378611,22.57,25,2.3579499894868725,TAO,R:10_L:20_F:100_A:7_M:1.0
9,20,100,5,3.0,200.82,8.781054851387848,22.87,27,2.2789003149773035,TAO,R:9_L:20_F:100_A:5_M:3.0
9,20,100,14,3.0,211.02,8.739592889900948,24.15,26,2.364605088034206,TAO,R:9_L:20_F:100_A:14_M:3.0
9,20,100,20,3.0,209.79,8.550691168754641,24.53,26,2.355520161744676,TAO,R:9_L:20_F:100_A:20_M:3.0
10,20,100,5,1.0,194.35,8.508784513661565,22.84,25,2.3265421384055283,TAO,R:10_L:20_F:100_A:5_M:1.0
10,20,100,14,2.0,214.62,8.390462927046414,25.58,25,2.3996071779932624,TAO,R:10_L:20_F:100_A:14_M:2.0
10,20,100,30,2.5,215.72,8.377914738375713,25.75,24,2.389673677715144,TAO,R:10_L:20_F:100_A:30_M:2.5
8,20,100,5,3.0,191.51,8.374197583090412,22.87,29,2.1793768908985176,TAO,R:8_L:20_F:100_A:5_M:3.0
8,20,100,14,3.0,201.72,8.354223636260803,24.15,28,2.2640472173023696,TAO,R:8_L:20_F:100_A:14_M:3.0
14,150,200,5,1.0,251.57,8.338746662612943,30.17,8,2.0568851849593885,SUI,R:14_L:150_F:200_A:5_M:1.0
9,20,100,25,3.0,208.17,8.311713005075665,25.05,26,2.3434225564188407,TAO,R:9_L:20_F:100_A:25_M:3.0
9,20,100,20,2.5,192.61,8.30414214548907,23.19,26,2.2429056266774725,TAO,R:9_L:20_F:100_A:20_M:2.5
9,20,100,25,2.5,196.09,8.301833616883473,23.62,26,2.2645216172276195,TAO,R:9_L:20_F:100_A:25_M:2.5
9,20,100,30,3.0,208.02,8.289943758399337,25.09,26,2.342285490744048,TAO,R:9_L:20_F:100_A:30_M:3.0
10,20,100,10,2.0,214.53,8.285184171992764,25.89,25,2.369596810032459,TAO,R:10_L:20_F:100_A:10_M:2.0
12,150,200,10,1.0,260.82,8.28488418185778,31.48,8,2.0768473756360866,SUI,R:12_L:150_F:200_A:10_M:1.0
9,20,200,7,6.0,225.56,8.2451967127236,27.36,14,1.6081175264302483,1MBABYDOGE,R:9_L:20_F:200_A:7_M:6.0
9,20,200,30,6.0,225.56,8.2451967127236,27.36,14,1.6081175264302483,1MBABYDOGE,R:9_L:20_F:200_A:30_M:6.0
9,20,200,5,5.0,225.56,8.2451967127236,27.36,14,1.6081175264302483,1MBABYDOGE,R:9_L:20_F:200_A:5_M:5.0
9,20,200,30,3.0,225.56,8.2451967127236,27.36,14,1.6081175264302483,1MBABYDOGE,R:9_L:20_F:200_A:30_M:3.0
9,20,200,20,2.5,225.56,8.2451967127236,27.36,14,1.6081175264302483,1MBABYDOGE,R:9_L:20_F:200_A:20_M:2.5
9,20,200,5,4.0,225.56,8.2451967127236,27.36,14,1.6081175264302483,1MBABYDOGE,R:9_L:20_F:200_A:5_M:4.0
9,20,200,30,5.0,225.56,8.2451967127236,27.36,14,1.6081175264302483,1MBABYDOGE,R:9_L:20_F:200_A:30_M:5.0
9,20,200,25,6.0,225.56,8.2451967127236,27.36,14,1.6081175264302483,1MBABYDOGE,R:9_L:20_F:200_A:25_M:6.0
9,20,200,14,5.0,225.56,8.2451967127236,27.36,14,1.6081175264302483,1MBABYDOGE,R:9_L:20_F:200_A:14_M:5.0
9,20,200,30,4.0,225.56,8.2451967127236,27.36,14,1.6081175264302483,1MBABYDOGE,R:9_L:20_F:200_A:30_M:4.0
9,20,200,20,4.0,225.56,8.2451967127236,27.36,14,1.6081175264302483,1MBABYDOGE,R:9_L:20_F:200_A:20_M:4.0
9,20,200,25,2.5,225.56,8.2451967127236,27.36,14,1.6081175264302483,1MBABYDOGE,R:9_L:20_F:200_A:25_M:2.5
9,20,200,25,4.0,225.56,8.2451967127236,27.36,14,1.6081175264302483,1MBABYDOGE,R:9_L:20_F:200_A:25_M:4.0
9,20,200,10,5.0,225.56,8.2451967127236,27.36,14,1.6081175264302483,1MBABYDOGE,R:9_L:20_F:200_A:10_M:5.0
9,20,200,5,6.0,225.56,8.2451967127236,27.36,14,1.6081175264302483,1MBABYDOGE,R:9_L:20_F:200_A:5_M:6.0
9,20,200,5,3.0,225.56,8.2451967127236,27.36,14,1.6081175264302483,1MBABYDOGE,R:9_L:20_F:200_A:5_M:3.0
9,20,200,10,6.0,225.56,8.2451967127236,27.36,14,1.6081175264302483,1MBABYDOGE,R:9_L:20_F:200_A:10_M:6.0
9,20,200,14,3.0,225.56,8.2451967127236,27.36,14,1.6081175264302483,1MBABYDOGE,R:9_L:20_F:200_A:14_M:3.0
9,20,200,14,4.0,225.56,8.2451967127236,27.36,14,1.6081175264302483,1MBABYDOGE,R:9_L:20_F:200_A:14_M:4.0
9,20,200,20,5.0,225.56,8.2451967127236,27.36,14,1.6081175264302483,1MBABYDOGE,R:9_L:20_F:200_A:20_M:5.0
9,20,200,20,3.0,225.56,8.2451967127236,27.36,14,1.6081175264302483,1MBABYDOGE,R:9_L:20_F:200_A:20_M:3.0
9,20,200,14,6.0,225.56,8.2451967127236,27.36,14,1.6081175264302483,1MBABYDOGE,R:9_L:20_F:200_A:14_M:6.0
9,20,200,10,4.0,225.56,8.2451967127236,27.36,14,1.6081175264302483,1MBABYDOGE,R:9_L:20_F:200_A:10_M:4.0
9,20,200,25,5.0,225.56,8.2451967127236,27.36,14,1.6081175264302483,1MBABYDOGE,R:9_L:20_F:200_A:25_M:5.0
9,20,200,7,4.0,225.56,8.2451967127236,27.36,14,1.6081175264302483,1MBABYDOGE,R:9_L:20_F:200_A:7_M:4.0
9,20,200,20,6.0,225.56,8.2451967127236,27.36,14,1.6081175264302483,1MBABYDOGE,R:9_L:20_F:200_A:20_M:6.0
9,20,200,7,5.0,225.56,8.2451967127236,27.36,14,1.6081175264302483,1MBABYDOGE,R:9_L:20_F:200_A:7_M:5.0
9,20,200,25,3.0,225.56,8.2451967127236,27.36,14,1.6081175264302483,1MBABYDOGE,R:9_L:20_F:200_A:25_M:3.0
15,200,50,14,0.5,262.11,8.19606510207616,31.98,7,2.052474768186185,SUI,R:15_L:200_F:50_A:14_M:0.5
15,200,150,14,0.5,262.11,8.19606510207616,31.98,7,2.052474768186185,SUI,R:15_L:200_F:150_A:14_M:0.5
8,20,100,20,3.0,200.52,8.172939132281096,24.53,28,2.2553447221881275,TAO,R:8_L:20_F:100_A:20_M:3.0
9,20,100,5,1.5,196.79,8.16654887896732,24.1,27,2.259460787127665,TAO,R:9_L:20_F:100_A:5_M:1.5
15,20,200,5,1.0,224.9,8.098980366278337,27.77,19,1.6080016444191996,1MBABYDOGE,R:15_L:20_F:200_A:5_M:1.0
10,40,100,20,0.5,244.47,8.08232109385514,30.25,12,1.6442790045769884,1MBABYDOGE,R:10_L:40_F:100_A:20_M:0.5
10,40,100,14,0.5,244.25,8.064055347161446,30.29,12,1.6408006960018664,1MBABYDOGE,R:10_L:40_F:100_A:14_M:0.5
10,40,100,10,0.5,243.62,8.02616176895864,30.35,12,1.6400579069922905,1MBABYDOGE,R:10_L:40_F:100_A:10_M:0.5
15,200,50,10,0.5,260.54,8.017642233728184,32.5,7,2.0463991974180784,SUI,R:15_L:200_F:50_A:10_M:0.5
15,200,150,10,0.5,260.54,8.017642233728184,32.5,7,2.0463991974180784,SUI,R:15_L:200_F:150_A:10_M:0.5
14,150,200,14,1.0,250.0,8.009124373076363,31.21,8,2.0379068511712526,SUI,R:14_L:150_F:200_A:14_M:1.0
10,40,100,30,0.5,242.7,7.999080383888352,30.34,12,1.643124875906249,1MBABYDOGE,R:10_L:40_F:100_A:30_M:0.5
10,40,100,5,0.5,239.56,7.989005932594659,29.99,12,1.6307120467825276,1MBABYDOGE,R:10_L:40_F:100_A:5_M:0.5
10,40,100,25,0.5,241.85,7.982215572390439,30.3,12,1.638833702666937,1MBABYDOGE,R:10_L:40_F:100_A:25_M:0.5
10,40,100,7,0.5,241.09,7.904367776870277,30.5,12,1.6340332442047762,1MBABYDOGE,R:10_L:40_F:100_A:7_M:0.5
15,200,150,7,0.5,258.88,7.860944760778175,32.93,7,2.0399873704959792,SUI,R:15_L:200_F:150_A:7_M:0.5
15,200,50,7,0.5,258.88,7.860944760778175,32.93,7,2.0399873704959792,SUI,R:15_L:200_F:50_A:7_M:0.5
10,150,200,10,1.0,240.55,7.817939468561978,30.77,10,2.0017925036598583,SUI,R:10_L:150_F:200_A:10_M:1.0
15,20,200,14,1.5,202.75,7.796421787729856,26.01,19,1.5352025182897562,1MBABYDOGE,R:15_L:20_F:200_A:14_M:1.5
18,100,200,10,1.0,214.42,7.7827094866992255,27.55,8,1.970291546855244,SUI,R:18_L:100_F:200_A:10_M:1.0
14,150,200,7,1.0,246.86,7.772481997409071,31.76,8,2.025271252738414,SUI,R:14_L:150_F:200_A:7_M:1.0
15,200,150,5,0.5,257.96,7.747593106247256,33.3,7,2.0363858964798967,SUI,R:15_L:200_F:150_A:5_M:0.5
15,200,50,5,0.5,257.96,7.747593106247256,33.3,7,2.0363858964798967,SUI,R:15_L:200_F:50_A:5_M:0.5
12,30,50,25,1.0,223.08,7.739834691804152,28.82,13,1.588477536060944,1MBABYDOGE,R:12_L:30_F:50_A:25_M:1.0
10,150,200,7,1.0,238.19,7.714138142063395,30.88,10,1.992494289475652,SUI,R:10_L:150_F:200_A:7_M:1.0
18,100,200,30,1.5,211.81,7.687882021360807,27.55,8,1.9438259225397123,SUI,R:18_L:100_F:200_A:30_M:1.5
12,30,50,20,1.0,224.21,7.674342476085177,29.22,13,1.592015781603351,1MBABYDOGE,R:12_L:30_F:50_A:20_M:1.0
14,150,200,10,1.0,245.85,7.668014490963808,32.06,8,2.021566700298261,SUI,R:14_L:150_F:200_A:10_M:1.0
9,150,200,10,1.0,237.26,7.661026603830767,30.97,10,1.9888078061305527,SUI,R:9_L:150_F:200_A:10_M:1.0
18,100,200,20,1.5,211.03,7.659634021958676,27.55,8,1.9399226665589355,SUI,R:18_L:100_F:200_A:20_M:1.5
18,100,200,25,1.5,210.83,7.652222212083313,27.55,8,1.9388970588213503,SUI,R:18_L:100_F:200_A:25_M:1.5
12,30,50,14,1.0,223.59,7.600656392592011,29.42,13,1.5901610160063244,1MBABYDOGE,R:12_L:30_F:50_A:14_M:1.0
9,20,200,30,2.5,206.92,7.563797220276472,27.36,14,1.548440169460999,1MBABYDOGE,R:9_L:20_F:200_A:30_M:2.5
9,150,200,7,1.0,234.89,7.558369921272865,31.08,10,1.979331708058388,SUI,R:9_L:150_F:200_A:7_M:1.0
18,100,200,5,1.5,207.79,7.54187532812405,27.55,8,1.9240290483340288,SUI,R:18_L:100_F:200_A:5_M:1.5
15,40,100,14,1.0,231.95,7.473863905278572,31.04,11,1.6098314098096975,1MBABYDOGE,R:15_L:40_F:100_A:14_M:1.0
18,100,200,30,2.0,205.73,7.467202452651528,27.55,8,1.9135382178728344,SUI,R:18_L:100_F:200_A:30_M:2.0
15,20,250,5,1.0,207.11,7.458302594243172,27.77,19,1.5526869528064695,1MBABYDOGE,R:15_L:20_F:250_A:5_M:1.0
10,20,200,5,1.0,193.88,7.455183079349226,26.01,14,1.5122417480624406,1MBABYDOGE,R:10_L:20_F:200_A:5_M:1.0
12,150,200,5,1.5,251.49,7.44053007201998,33.8,8,2.039580527509448,SUI,R:12_L:150_F:200_A:5_M:1.5
12,30,50,10,1.0,220.09,7.430613179851403,29.62,13,1.5792598605662298,1MBABYDOGE,R:12_L:30_F:50_A:10_M:1.0
18,100,200,20,2.0,204.69,7.429620483909593,27.55,8,1.9081992364495717,SUI,R:18_L:100_F:200_A:20_M:2.0
18,100,200,25,2.0,204.41,7.410632035999354,27.58,8,1.9070666621448955,SUI,R:18_L:100_F:200_A:25_M:2.0
18,100,200,7,2.0,203.99,7.404221920677695,27.55,8,1.904870050461911,SUI,R:18_L:100_F:200_A:7_M:2.0
12,150,200,30,1.5,251.72,7.3609205293149085,34.2,8,2.0408377818736163,SUI,R:12_L:150_F:200_A:30_M:1.5
14,100,200,5,1.5,202.79,7.360634561097923,27.55,9,1.8951740900074696,SUI,R:14_L:100_F:200_A:5_M:1.5
12,30,150,14,1.0,191.14,7.349982629101269,26.01,12,1.4921440988999832,1MBABYDOGE,R:12_L:30_F:150_A:14_M:1.0
15,20,200,10,1.5,198.37,7.34746895322923,27.0,19,1.5205333623245103,1MBABYDOGE,R:15_L:20_F:200_A:10_M:1.5
7,200,150,30,2.0,281.69,7.339530502528623,38.38,7,2.028263922384601,SUI,R:7_L:200_F:150_A:30_M:2.0
7,200,150,7,1.5,281.6,7.330854160382381,38.41,7,2.0279652311744303,SUI,R:7_L:200_F:150_A:7_M:1.5
7,200,150,25,2.0,281.57,7.32844239704578,38.42,7,2.027882052072681,SUI,R:7_L:200_F:150_A:25_M:2.0
9,20,200,10,3.0,200.25,7.320212781999324,27.36,14,1.5258663493479796,1MBABYDOGE,R:9_L:20_F:200_A:10_M:3.0
15,40,100,10,1.0,227.03,7.3152281760682465,31.04,11,1.5948429699647413,1MBABYDOGE,R:15_L:40_F:100_A:10_M:1.0
9,20,200,7,3.0,199.71,7.300496248422677,27.36,14,1.5240231055720903,1MBABYDOGE,R:9_L:20_F:200_A:7_M:3.0
10,200,150,30,1.0,248.79,7.287476551027673,34.14,7,1.9870780611485404,SUI,R:10_L:200_F:150_A:30_M:1.0
18,100,200,5,2.0,200.37,7.272662620957339,27.55,8,1.8873211654578812,SUI,R:18_L:100_F:200_A:5_M:2.0
12,30,150,10,1.0,188.85,7.26188237153872,26.01,12,1.484213190162397,1MBABYDOGE,R:12_L:30_F:150_A:10_M:1.0
7,200,150,20,2.0,280.86,7.260979399922658,38.68,7,2.0255282914601325,SUI,R:7_L:200_F:150_A:20_M:2.0
7,200,150,5,1.5,280.71,7.247832038262217,38.73,7,2.025063443943775,SUI,R:7_L:200_F:150_A:5_M:1.5
7,200,150,14,2.0,280.68,7.244658473489868,38.74,7,2.024950933905493,SUI,R:7_L:200_F:150_A:14_M:2.0
18,100,200,14,1.5,206.24,7.241703452181289,28.48,8,1.916576458235966,SUI,R:18_L:100_F:200_A:14_M:1.5
18,100,200,14,2.0,203.45,7.238985457504123,28.1,8,1.902386620347521,SUI,R:18_L:100_F:200_A:14_M:2.0
18,100,150,10,1.0,199.32,7.234440018048709,27.55,11,1.8945327988520888,SUI,R:18_L:100_F:150_A:10_M:1.0
18,100,200,10,1.5,204.36,7.21613266352855,28.32,8,1.9068158163297844,SUI,R:18_L:100_F:200_A:10_M:1.5
15,40,100,7,1.0,223.64,7.205844477119697,31.04,11,1.585806888287339,1MBABYDOGE,R:15_L:40_F:100_A:7_M:1.0
18,100,200,7,1.5,206.24,7.189581999736405,28.69,8,1.916510902534831,SUI,R:18_L:100_F:200_A:7_M:1.5
12,150,200,25,1.5,250.1,7.178632127394107,34.84,8,2.0342694925165468,SUI,R:12_L:150_F:200_A:25_M:1.5
12,200,150,14,0.5,247.27,7.175800889165959,34.46,8,1.9904632470211836,SUI,R:12_L:200_F:150_A:14_M:0.5
7,200,150,10,2.0,279.83,7.166504049739472,39.05,7,2.0221425371331465,SUI,R:7_L:200_F:150_A:10_M:2.0
7,200,150,30,2.5,279.8,7.16345024369874,39.06,7,2.0220313176603364,SUI,R:7_L:200_F:150_A:30_M:2.5
12,30,150,20,1.0,186.28,7.162958723114748,26.01,12,1.475530451212059,1MBABYDOGE,R:12_L:30_F:150_A:20_M:1.0
7,200,150,25,2.5,279.65,7.150048792317795,39.11,7,2.0215419021941474,SUI,R:7_L:200_F:150_A:25_M:2.5
12,30,150,5,1.0,185.93,7.149433572415563,26.01,12,1.4739654288373705,1MBABYDOGE,R:12_L:30_F:150_A:5_M:1.0
15,40,100,5,1.0,221.86,7.148552071923347,31.04,11,1.5834369545365794,1MBABYDOGE,R:15_L:40_F:100_A:5_M:1.0
12,150,200,20,1.5,249.33,7.137382261446071,34.93,8,2.030792066146472,SUI,R:12_L:150_F:200_A:20_M:1.5
10,200,150,25,1.0,247.6,7.117325163956072,34.79,7,1.982478655326393,SUI,R:10_L:200_F:150_A:25_M:1.0
10,200,150,20,1.0,247.44,7.114765106750993,34.78,7,1.9820003945770643,SUI,R:10_L:200_F:150_A:20_M:1.0
10,200,150,14,1.0,247.07,7.1139000553834935,34.73,7,1.9805849142333407,SUI,R:10_L:200_F:150_A:14_M:1.0
12,30,150,7,1.0,184.83,7.107184220026159,26.01,12,1.4701015885875093,1MBABYDOGE,R:12_L:30_F:150_A:7_M:1.0
12,30,150,25,1.0,184.54,7.096132202862079,26.01,12,1.469371184208784,1MBABYDOGE,R:12_L:30_F:150_A:25_M:1.0
7,200,150,7,2.0,279.05,7.094981994834424,39.33,7,2.01950785415866,SUI,R:7_L:200_F:150_A:7_M:2.0
10,200,150,5,1.0,244.94,7.087216098079812,34.56,7,1.9719949537934929,SUI,R:10_L:200_F:150_A:5_M:1.0
15,20,250,14,1.5,184.14,7.080840527210214,26.01,19,1.4728612997166746,1MBABYDOGE,R:15_L:20_F:250_A:14_M:1.5
7,200,150,20,2.5,278.75,7.068646248912421,39.44,7,2.01852181908516,SUI,R:7_L:200_F:150_A:20_M:2.5
15,20,200,20,1.5,187.71,7.067347459445163,26.56,19,1.483429799021578,1MBABYDOGE,R:15_L:20_F:200_A:20_M:1.5
7,200,150,14,2.5,278.53,7.04898783990353,39.51,7,2.017780131453772,SUI,R:7_L:200_F:150_A:14_M:2.5
12,150,200,14,1.5,246.57,7.039037941850315,35.03,8,2.0198596105371727,SUI,R:12_L:150_F:200_A:14_M:1.5
12,200,150,10,0.5,245.76,7.023249659799651,34.99,8,1.9842908847466587,SUI,R:12_L:200_F:150_A:10_M:0.5
12,30,150,30,1.0,182.63,7.022690058384352,26.01,12,1.4625703771369776,1MBABYDOGE,R:12_L:30_F:150_A:30_M:1.0
8,200,150,30,1.5,252.83,7.012159340986169,36.06,7,1.9625171292052344,SUI,R:8_L:200_F:150_A:30_M:1.5
7,200,150,10,1.5,277.99,7.001038887288941,39.71,7,2.01486959780748,SUI,R:7_L:200_F:150_A:10_M:1.5
12,200,150,5,0.5,244.97,6.994769576508626,35.02,8,1.980817646536333,SUI,R:12_L:200_F:150_A:5_M:0.5
10,20,250,25,2.5,187.68,6.993790647585213,26.83,15,1.478971112442635,1MBABYDOGE,R:10_L:20_F:250_A:25_M:2.5
7,200,150,30,3.0,277.9,6.993100624323027,39.74,7,2.0156448190023046,SUI,R:7_L:200_F:150_A:30_M:3.0
7,200,150,5,2.0,277.86,6.989391607916593,39.75,7,2.0155016920474846,SUI,R:7_L:200_F:150_A:5_M:2.0
15,20,200,30,1.5,183.89,6.980644663455322,26.34,19,1.4697699447053103,1MBABYDOGE,R:15_L:20_F:200_A:30_M:1.5
7,200,150,25,3.0,277.72,6.97754062212048,39.8,7,2.015043184696412,SUI,R:7_L:200_F:150_A:25_M:3.0
18,100,150,30,1.5,192.47,6.971828222138972,27.61,11,1.8472186209463293,SUI,R:18_L:100_F:150_A:30_M:1.5
10,20,250,20,2.5,187.34,6.962387474851962,26.91,15,1.4778013673853925,1MBABYDOGE,R:10_L:20_F:250_A:20_M:2.5
7,200,150,10,2.5,277.47,6.955038437900732,39.89,7,2.014167574622065,SUI,R:7_L:200_F:150_A:10_M:2.5
18,100,200,7,2.5,197.47,6.948078666070289,28.42,8,1.873086881056238,SUI,R:18_L:100_F:200_A:7_M:2.5
15,200,150,30,1.0,250.47,6.936952664377426,36.11,7,2.0073997925546303,SUI,R:15_L:200_F:150_A:30_M:1.0
15,200,50,30,1.0,250.47,6.936952664377426,36.11,7,2.0073997925546303,SUI,R:15_L:200_F:50_A:30_M:1.0
12,200,150,7,0.5,244.52,6.923262777014725,35.32,8,1.9792722777232827,SUI,R:12_L:200_F:150_A:7_M:0.5
18,100,100,10,1.0,215.73,6.917133281043362,31.19,15,1.937470858357196,SUI,R:18_L:100_F:100_A:10_M:1.0
10,40,100,5,2.0,230.23,6.916869698307903,33.28,11,1.6108496555435166,1MBABYDOGE,R:10_L:40_F:100_A:5_M:2.0
18,100,150,20,1.5,190.56,6.911994883543723,27.57,11,1.8373946340682688,SUI,R:18_L:100_F:150_A:20_M:1.5
12,30,50,7,1.0,210.69,6.908973621396306,30.49,13,1.5494752415491406,1MBABYDOGE,R:12_L:30_F:50_A:7_M:1.0
10,200,150,10,1.0,244.83,6.900701184432475,35.48,7,1.971808285521256,SUI,R:10_L:200_F:150_A:10_M:1.0
18,100,200,10,2.0,200.48,6.894378213383865,29.08,8,1.8869600425126023,SUI,R:18_L:100_F:200_A:10_M:2.0
10,20,250,30,4.0,186.59,6.8923416895939775,27.07,15,1.4753173528459758,1MBABYDOGE,R:10_L:20_F:250_A:30_M:4.0
10,20,250,5,5.0,186.59,6.8923416895939775,27.07,15,1.4753173528459758,1MBABYDOGE,R:10_L:20_F:250_A:5_M:5.0
10,20,250,10,6.0,186.59,6.8923416895939775,27.07,15,1.4753173528459758,1MBABYDOGE,R:10_L:20_F:250_A:10_M:6.0
10,20,250,7,4.0,186.59,6.8923416895939775,27.07,15,1.4753173528459758,1MBABYDOGE,R:10_L:20_F:250_A:7_M:4.0
10,20,250,20,4.0,186.59,6.8923416895939775,27.07,15,1.4753173528459758,1MBABYDOGE,R:10_L:20_F:250_A:20_M:4.0
10,20,250,14,5.0,186.59,6.8923416895939775,27.07,15,1.4753173528459758,1MBABYDOGE,R:10_L:20_F:250_A:14_M:5.0
10,20,250,14,4.0,186.59,6.8923416895939775,27.07,15,1.4753173528459758,1MBABYDOGE,R:10_L:20_F:250_A:14_M:4.0
10,20,250,20,5.0,186.59,6.8923416895939775,27.07,15,1.4753173528459758,1MBABYDOGE,R:10_L:20_F:250_A:20_M:5.0
10,20,250,7,5.0,186.59,6.8923416895939775,27.07,15,1.4753173528459758,1MBABYDOGE,R:10_L:20_F:250_A:7_M:5.0
10,20,250,5,4.0,186.59,6.8923416895939775,27.07,15,1.4753173528459758,1MBABYDOGE,R:10_L:20_F:250_A:5_M:4.0
10,20,250,5,6.0,186.59,6.8923416895939775,27.07,15,1.4753173528459758,1MBABYDOGE,R:10_L:20_F:250_A:5_M:6.0
10,20,250,30,6.0,186.59,6.8923416895939775,27.07,15,1.4753173528459758,1MBABYDOGE,R:10_L:20_F:250_A:30_M:6.0
10,20,250,10,5.0,186.59,6.8923416895939775,27.07,15,1.4753173528459758,1MBABYDOGE,R:10_L:20_F:250_A:10_M:5.0
10,20,250,25,5.0,186.59,6.8923416895939775,27.07,15,1.4753173528459758,1MBABYDOGE,R:10_L:20_F:250_A:25_M:5.0
10,20,250,14,6.0,186.59,6.8923416895939775,27.07,15,1.4753173528459758,1MBABYDOGE,R:10_L:20_F:250_A:14_M:6.0
10,20,250,25,4.0,186.59,6.8923416895939775,27.07,15,1.4753173528459758,1MBABYDOGE,R:10_L:20_F:250_A:25_M:4.0
10,20,250,10,4.0,186.59,6.8923416895939775,27.07,15,1.4753173528459758,1MBABYDOGE,R:10_L:20_F:250_A:10_M:4.0
10,20,250,20,6.0,186.59,6.8923416895939775,27.07,15,1.4753173528459758,1MBABYDOGE,R:10_L:20_F:250_A:20_M:6.0
10,20,250,7,6.0,186.59,6.8923416895939775,27.07,15,1.4753173528459758,1MBABYDOGE,R:10_L:20_F:250_A:7_M:6.0
10,20,250,30,5.0,186.59,6.8923416895939775,27.07,15,1.4753173528459758,1MBABYDOGE,R:10_L:20_F:250_A:30_M:5.0
10,20,250,25,6.0,186.59,6.8923416895939775,27.07,15,1.4753173528459758,1MBABYDOGE,R:10_L:20_F:250_A:25_M:6.0
7,200,150,20,3.0,276.63,6.883177065726701,40.19,7,2.011326719046146,SUI,R:7_L:200_F:150_A:20_M:3.0
14,150,200,5,1.5,234.24,6.872328364416328,34.08,8,1.9737709684185747,SUI,R:14_L:150_F:200_A:5_M:1.5
9,20,200,10,2.5,189.44,6.871617644977087,27.57,14,1.4893455511173015,1MBABYDOGE,R:9_L:20_F:200_A:10_M:2.5
7,200,150,7,2.5,276.47,6.869331020576256,40.25,7,2.010771446273918,SUI,R:7_L:200_F:150_A:7_M:2.5
18,100,150,25,1.5,191.41,6.862715950026891,27.89,11,1.8417477936692603,SUI,R:18_L:100_F:150_A:25_M:1.5
7,200,150,14,3.0,276.37,6.860427173882966,40.28,7,2.01041300708455,SUI,R:7_L:200_F:150_A:14_M:3.0
7,200,150,10,6.0,276.28,6.852850579399399,40.32,7,2.0102742384985937,SUI,R:7_L:200_F:150_A:10_M:6.0
7,200,150,5,5.0,276.28,6.852850579399399,40.32,7,2.0102742384985937,SUI,R:7_L:200_F:150_A:5_M:5.0
7,200,150,7,6.0,276.28,6.852850579399399,40.32,7,2.0102742384985937,SUI,R:7_L:200_F:150_A:7_M:6.0
7,200,150,5,6.0,276.28,6.852850579399399,40.32,7,2.0102742384985937,SUI,R:7_L:200_F:150_A:5_M:6.0
18,100,200,30,2.5,199.62,6.841716566320551,29.18,8,1.8833114558513355,SUI,R:18_L:100_F:200_A:30_M:2.5
15,20,200,25,1.5,185.66,6.839991580010953,27.14,19,1.4761519949093698,1MBABYDOGE,R:15_L:20_F:200_A:25_M:1.5
14,150,200,30,1.5,237.03,6.822117734121033,34.74,8,1.985246069669316,SUI,R:14_L:150_F:200_A:30_M:1.5
8,200,150,25,1.5,251.18,6.800461056675641,36.94,7,1.9560711773341035,SUI,R:8_L:200_F:150_A:25_M:1.5
10,150,200,30,1.5,227.83,6.78506550548963,33.58,10,1.9179848660654135,SUI,R:10_L:150_F:200_A:30_M:1.5
18,100,200,20,2.5,198.33,6.784147710426397,29.23,8,1.876969092321899,SUI,R:18_L:100_F:200_A:20_M:2.5
7,40,100,7,2.5,236.52,6.783763931230496,34.87,11,1.6012772015485828,1MBABYDOGE,R:7_L:40_F:100_A:7_M:2.5
9,20,200,14,2.5,185.48,6.780359437278455,27.36,14,1.4752545659505798,1MBABYDOGE,R:9_L:20_F:200_A:14_M:2.5
7,40,100,5,2.5,239.46,6.7646752024380685,35.4,11,1.609614742820595,1MBABYDOGE,R:7_L:40_F:100_A:5_M:2.5
14,100,200,30,2.0,196.77,6.76051147606425,29.11,9,1.865290482372094,SUI,R:14_L:100_F:200_A:30_M:2.0
15,200,150,20,1.0,248.59,6.756554037104386,36.79,7,1.9999058120520845,SUI,R:15_L:200_F:150_A:20_M:1.0
15,200,50,20,1.0,248.59,6.756554037104386,36.79,7,1.9999058120520845,SUI,R:15_L:200_F:50_A:20_M:1.0
7,200,150,10,3.0,275.08,6.751908957126176,40.74,7,2.005957141287108,SUI,R:7_L:200_F:150_A:10_M:3.0
10,20,250,5,3.0,185.01,6.746869792580764,27.42,15,1.4695584865742253,1MBABYDOGE,R:10_L:20_F:250_A:5_M:3.0
14,150,100,5,1.0,234.81,6.745739671790543,34.81,11,1.988523765775416,SUI,R:14_L:150_F:100_A:5_M:1.0
14,150,150,5,1.0,234.81,6.745739671790543,34.81,11,1.988523765775416,SUI,R:14_L:150_F:150_A:5_M:1.0
14,150,50,5,1.0,234.81,6.745739671790543,34.81,11,1.988523765775416,SUI,R:14_L:150_F:50_A:5_M:1.0
18,150,200,7,1.0,216.51,6.745123398105426,32.1,9,1.9220583492486425,SUI,R:18_L:150_F:200_A:7_M:1.0
15,200,150,25,1.0,248.78,6.74436804640871,36.89,7,2.000668959205145,SUI,R:15_L:200_F:150_A:25_M:1.0
15,200,50,25,1.0,248.78,6.74436804640871,36.89,7,2.000668959205145,SUI,R:15_L:200_F:50_A:25_M:1.0
12,200,50,14,0.5,243.38,6.743464377853615,36.09,9,1.975283750920442,SUI,R:12_L:200_F:50_A:14_M:0.5
7,200,150,5,2.5,274.98,6.7432638505397415,40.78,7,2.005595117484875,SUI,R:7_L:200_F:150_A:5_M:2.5
18,100,50,10,1.0,209.83,6.727915698778956,31.19,16,1.910900190143596,SUI,R:18_L:100_F:50_A:10_M:1.0
15,20,200,7,1.5,187.95,6.699503090155435,28.05,19,1.4843581171561695,1MBABYDOGE,R:15_L:20_F:200_A:7_M:1.5
10,20,250,14,3.0,184.28,6.681175695538984,27.58,15,1.4672472714163487,1MBABYDOGE,R:10_L:20_F:250_A:14_M:3.0
10,20,250,5,1.0,173.32,6.664477939939576,26.01,15,1.4363780247485387,1MBABYDOGE,R:10_L:20_F:250_A:5_M:1.0
10,20,250,30,3.0,183.87,6.644505330761224,27.67,15,1.4658063993690549,1MBABYDOGE,R:10_L:20_F:250_A:30_M:3.0
12,40,100,5,1.0,219.92,6.636336924988354,33.14,11,1.6042708422897085,1MBABYDOGE,R:12_L:40_F:100_A:5_M:1.0
10,20,200,20,5.0,192.81,6.598160494681844,29.22,14,1.4953192111599194,1MBABYDOGE,R:10_L:20_F:200_A:20_M:5.0
10,20,200,14,5.0,192.81,6.598160494681844,29.22,14,1.4953192111599194,1MBABYDOGE,R:10_L:20_F:200_A:14_M:5.0
10,20,200,20,4.0,192.81,6.598160494681844,29.22,14,1.4953192111599194,1MBABYDOGE,R:10_L:20_F:200_A:20_M:4.0
9,120,50,5,1.0,270.16,5.849778444902861,46.18,36,1.9428057714993352,SOL,R:9_L:120_F:50_A:5_M:1.0
9,120,100,5,1.0,261.63,5.665055338686279,46.18,39,1.9114911832500925,SOL,R:9_L:120_F:100_A:5_M:1.0
7,120,100,5,1.0,284.23,5.573655428122743,51.0,44,1.9613249276992812,SOL,R:7_L:120_F:100_A:5_M:1.0
7,120,50,5,1.0,265.67,5.209702063613785,51.0,38,1.920578369517251,SOL,R:7_L:120_F:50_A:5_M:1.0
9,120,100,20,1.5,265.64,4.997760825109132,53.15,39,1.903859090268125,SOL,R:9_L:120_F:100_A:20_M:1.5
10,120,150,5,1.0,241.71,4.898593668714538,49.34,27,1.8624027726664127,SOL,R:10_L:120_F:150_A:5_M:1.0
5,30,50,25,2.0,194.33,4.87606626395358,39.85,71,1.723804204420196,SOL,R:5_L:30_F:50_A:25_M:2.0
9,120,100,14,1.5,261.92,4.847780969138443,54.03,39,1.8918664529426716,SOL,R:9_L:120_F:100_A:14_M:1.5
10,120,150,7,1.0,241.09,4.823503028144342,49.98,27,1.8600253640733728,SOL,R:10_L:120_F:150_A:7_M:1.0
5,30,50,30,2.0,194.16,4.818823038133624,40.29,71,1.7224686070399295,SOL,R:5_L:30_F:50_A:30_M:2.0
5,30,50,14,1.5,181.56,4.723714390333997,38.44,71,1.6996865955280254,SOL,R:5_L:30_F:50_A:14_M:1.5
8,120,50,5,1.0,244.27,4.704007852249847,51.93,37,1.860370471836764,SOL,R:8_L:120_F:50_A:5_M:1.0
5,30,50,14,2.0,193.3,4.663425669600947,41.45,71,1.7254167775990783,SOL,R:5_L:30_F:50_A:14_M:2.0
5,30,50,20,2.0,189.55,4.599540111454928,41.21,71,1.7083030943617137,SOL,R:5_L:30_F:50_A:20_M:2.0
9,120,50,5,1.5,241.06,4.544232799365951,53.05,36,1.8385639699014973,SOL,R:9_L:120_F:50_A:5_M:1.5
9,120,50,7,1.5,239.66,4.543413507700174,52.75,36,1.833273782556566,SOL,R:9_L:120_F:50_A:7_M:1.5
10,120,50,7,1.0,240.74,4.53770125122872,53.05,36,1.849821620241982,SOL,R:10_L:120_F:50_A:7_M:1.0
9,120,50,20,1.5,241.17,4.537325142355858,53.15,36,1.8395660501011983,SOL,R:9_L:120_F:50_A:20_M:1.5
5,30,50,10,2.0,192.96,4.536742973496001,42.53,71,1.7242660546662265,SOL,R:5_L:30_F:50_A:10_M:2.0
10,120,50,5,1.0,240.27,4.477970929429089,53.66,36,1.8484508689588324,SOL,R:10_L:120_F:50_A:5_M:1.0
9,120,50,10,1.5,238.96,4.464156812689482,53.53,36,1.8313330754946,SOL,R:9_L:120_F:50_A:10_M:1.5
21,120,150,14,2.5,262.43,4.440816004677144,59.1,21,1.8945001025988628,SOL,R:21_L:120_F:150_A:14_M:2.5
9,120,50,14,1.5,239.57,4.434009952673344,54.03,36,1.834162160442224,SOL,R:9_L:120_F:50_A:14_M:1.5
10,120,100,7,1.0,234.73,4.424573428444655,53.05,38,1.8255536623592303,SOL,R:10_L:120_F:100_A:7_M:1.0
5,30,50,10,1.5,179.06,4.408944779413138,40.61,71,1.6882574715083931,SOL,R:5_L:30_F:50_A:10_M:1.5
10,120,150,5,1.5,223.35,4.389842141153975,50.88,27,1.7918445881699072,SOL,R:10_L:120_F:150_A:5_M:1.5
21,120,150,10,2.5,258.95,4.381906869299565,59.1,21,1.8804161151271528,SOL,R:21_L:120_F:150_A:10_M:2.5
10,120,100,5,1.0,235.08,4.381182218010299,53.66,38,1.826939197887364,SOL,R:10_L:120_F:100_A:5_M:1.0
10,120,150,20,1.5,225.39,4.376459553069201,51.5,27,1.8014456117066877,SOL,R:10_L:120_F:150_A:20_M:1.5
21,120,150,30,3.0,258.34,4.371472094153601,59.1,21,1.8820689271650004,SOL,R:21_L:120_F:150_A:30_M:3.0
9,120,100,5,1.5,231.86,4.370831255665847,53.05,39,1.8028356831570165,SOL,R:9_L:120_F:100_A:5_M:1.5
9,120,100,7,1.5,230.45,4.368802172254156,52.75,39,1.7974368746895515,SOL,R:9_L:120_F:100_A:7_M:1.5
8,120,100,5,1.0,233.73,4.359087308865737,53.62,42,1.819585493779464,SOL,R:8_L:120_F:100_A:5_M:1.0
21,40,100,14,1.5,104.77,4.3412125780586805,24.13,13,1.6773134779600405,RENDER,R:21_L:40_F:100_A:14_M:1.5
10,120,150,14,1.5,226.67,4.338685670602346,52.24,27,1.8051684256466876,SOL,R:10_L:120_F:150_A:14_M:1.5
10,120,150,7,1.5,224.62,4.332937111370378,51.84,27,1.796409454754514,SOL,R:10_L:120_F:150_A:7_M:1.5
21,120,150,25,3.0,255.1,4.316654722887724,59.1,21,1.8712119888301155,SOL,R:21_L:120_F:150_A:25_M:3.0
10,120,150,10,1.5,225.44,4.310625788782997,52.3,27,1.8002329994165476,SOL,R:10_L:120_F:150_A:10_M:1.5
21,120,150,14,3.0,254.67,4.309366746738434,59.1,21,1.8667368425234088,SOL,R:21_L:120_F:150_A:14_M:3.0
21,120,150,20,3.0,254.28,4.302810219193409,59.1,21,1.866675388641588,SOL,R:21_L:120_F:150_A:20_M:3.0
5,30,50,7,1.5,175.56,4.3010610920246375,40.82,71,1.671126829170126,SOL,R:5_L:30_F:50_A:7_M:1.5
12,100,50,5,2.0,241.09,4.297902971000492,56.09,39,1.8149060813651663,SOL,R:12_L:100_F:50_A:5_M:2.0
9,120,100,20,2.0,242.74,4.289291570872871,56.59,39,1.8137283809048443,SOL,R:9_L:120_F:100_A:20_M:2.0
5,30,50,30,2.5,177.65,4.261423196161769,41.69,71,1.646035411205211,SOL,R:5_L:30_F:50_A:30_M:2.5
21,40,100,20,1.5,104.58,4.253547254419295,24.59,13,1.6762402723837886,RENDER,R:21_L:40_F:100_A:20_M:1.5
21,120,150,10,3.0,251.11,4.249146347509894,59.1,21,1.8543770564453568,SOL,R:21_L:120_F:150_A:10_M:3.0
21,40,100,10,1.5,103.28,4.241957789249031,24.35,13,1.6629246676331817,RENDER,R:21_L:40_F:100_A:10_M:1.5
9,120,100,10,1.5,227.0,4.24059941687704,53.53,39,1.7855784807755255,SOL,R:9_L:120_F:100_A:10_M:1.5
5,30,50,25,2.5,176.0,4.2286334761212165,41.62,71,1.6388426433861498,SOL,R:5_L:30_F:50_A:25_M:2.5
5,30,50,20,2.5,179.87,4.226070491111815,42.56,71,1.6567012328019068,SOL,R:5_L:30_F:50_A:20_M:2.5
9,120,100,25,2.0,238.56,4.219650254719175,56.53,39,1.7955074431345033,SOL,R:9_L:120_F:100_A:25_M:2.0
9,120,100,30,2.0,237.61,4.20920121258863,56.45,39,1.7920567637892904,SOL,R:9_L:120_F:100_A:30_M:2.0
5,30,50,7,2.0,188.01,4.200293473312687,44.76,71,1.701501901030492,SOL,R:5_L:30_F:50_A:7_M:2.0
21,120,100,14,2.5,248.81,4.192725977006017,59.34,25,1.8545398527235812,SOL,R:21_L:120_F:100_A:14_M:2.5
9,120,100,14,2.0,240.28,4.181886860428346,57.46,39,1.8022556808673216,SOL,R:9_L:120_F:100_A:14_M:2.0
12,80,100,10,1.5,216.52,4.165167578332834,51.98,42,1.7585863166654778,SOL,R:12_L:80_F:100_A:10_M:1.5
18,50,50,5,4.0,203.25,4.163948679956632,48.81,57,1.2392997717741876,DOGE,R:18_L:50_F:50_A:5_M:4.0
21,40,100,5,1.5,102.31,4.159265903099221,24.6,13,1.65049248328363,RENDER,R:21_L:40_F:100_A:5_M:1.5
18,50,50,30,4.0,202.5,4.14871637888807,48.81,57,1.237391148932941,DOGE,R:18_L:50_F:50_A:30_M:4.0
21,120,150,14,4.0,244.9,4.144041031681553,59.1,21,1.8314312802662205,SOL,R:21_L:120_F:150_A:14_M:4.0
21,120,150,30,4.0,244.82,4.142708220073063,59.1,21,1.831970440218548,SOL,R:21_L:120_F:150_A:30_M:4.0
21,120,100,10,2.5,245.69,4.140252493225876,59.34,25,1.8415763702259,SOL,R:21_L:120_F:100_A:10_M:2.5
5,80,100,25,1.5,257.75,4.139286639633644,62.27,45,1.9032054619106065,SOL,R:5_L:80_F:100_A:25_M:1.5
8,30,50,14,2.5,192.16,4.137356225147004,46.45,62,1.722282962566299,SOL,R:8_L:30_F:50_A:14_M:2.5
21,40,100,25,1.5,103.72,4.135916254239047,25.08,13,1.670197735143879,RENDER,R:21_L:40_F:100_A:25_M:1.5
5,30,50,25,1.5,175.94,4.134365269204578,42.55,71,1.6790091467737491,SOL,R:5_L:30_F:50_A:25_M:1.5
10,120,50,5,1.5,226.3,4.129146072319398,54.81,36,1.777533629972642,SOL,R:10_L:120_F:50_A:5_M:1.5
21,120,150,25,4.0,243.64,4.122787917115343,59.1,21,1.8276047466889525,SOL,R:21_L:120_F:150_A:25_M:4.0
9,120,100,10,2.0,237.28,4.109507934133981,57.74,39,1.792032159726875,SOL,R:9_L:120_F:100_A:10_M:2.0
21,120,100,30,3.0,243.7,4.106674936848843,59.34,25,1.8381040989762476,SOL,R:21_L:120_F:100_A:30_M:3.0
21,120,150,20,4.0,242.49,4.103289209690253,59.1,21,1.8232392366485397,SOL,R:21_L:120_F:150_A:20_M:4.0
18,50,50,25,4.0,200.27,4.103012218427891,48.81,57,1.2323557152089704,DOGE,R:18_L:50_F:50_A:25_M:4.0
21,40,100,20,6.0,134.47,4.102150025738906,32.78,13,1.8154434829970585,RENDER,R:21_L:40_F:100_A:20_M:6.0
21,40,100,20,5.0,134.47,4.102150025738906,32.78,13,1.8154434829970585,RENDER,R:21_L:40_F:100_A:20_M:5.0
21,40,100,14,6.0,134.47,4.102150025738906,32.78,13,1.8154434829970585,RENDER,R:21_L:40_F:100_A:14_M:6.0
21,40,100,10,5.0,134.47,4.102150025738906,32.78,13,1.8154434829970585,RENDER,R:21_L:40_F:100_A:10_M:5.0
21,40,100,7,5.0,134.47,4.102150025738906,32.78,13,1.8154434829970585,RENDER,R:21_L:40_F:100_A:7_M:5.0
21,40,100,7,4.0,134.47,4.102150025738906,32.78,13,1.8154434829970585,RENDER,R:21_L:40_F:100_A:7_M:4.0
21,40,100,5,5.0,134.47,4.102150025738906,32.78,13,1.8154434829970585,RENDER,R:21_L:40_F:100_A:5_M:5.0
21,40,100,30,5.0,134.47,4.102150025738906,32.78,13,1.8154434829970585,RENDER,R:21_L:40_F:100_A:30_M:5.0
21,40,100,5,6.0,134.47,4.102150025738906,32.78,13,1.8154434829970585,RENDER,R:21_L:40_F:100_A:5_M:6.0
21,40,100,30,6.0,134.47,4.102150025738906,32.78,13,1.8154434829970585,RENDER,R:21_L:40_F:100_A:30_M:6.0
21,40,100,14,5.0,134.47,4.102150025738906,32.78,13,1.8154434829970585,RENDER,R:21_L:40_F:100_A:14_M:5.0
21,40,100,25,6.0,134.47,4.102150025738906,32.78,13,1.8154434829970585,RENDER,R:21_L:40_F:100_A:25_M:6.0
21,40,100,7,6.0,134.47,4.102150025738906,32.78,13,1.8154434829970585,RENDER,R:21_L:40_F:100_A:7_M:6.0
21,40,100,25,5.0,134.47,4.102150025738906,32.78,13,1.8154434829970585,RENDER,R:21_L:40_F:100_A:25_M:5.0
21,40,100,10,6.0,134.47,4.102150025738906,32.78,13,1.8154434829970585,RENDER,R:21_L:40_F:100_A:10_M:6.0
21,120,150,5,3.0,241.93,4.093800456179063,59.1,21,1.8220594296465036,SOL,R:21_L:120_F:150_A:5_M:3.0
10,100,50,20,1.5,215.45,4.089085259270236,52.69,40,1.747848874702514,SOL,R:10_L:100_F:50_A:20_M:1.5
21,120,150,10,4.0,241.08,4.079510380990836,59.1,21,1.818053174996223,SOL,R:21_L:120_F:150_A:10_M:4.0
10,100,100,20,1.5,217.52,4.075684754213664,53.37,42,1.734441208199139,SOL,R:10_L:100_F:100_A:20_M:1.5
21,40,100,7,1.5,100.96,4.068782805277132,24.81,13,1.6393457788366,RENDER,R:21_L:40_F:100_A:7_M:1.5
21,120,100,25,3.0,241.03,4.061681126003731,59.34,25,1.8288981010800909,SOL,R:21_L:120_F:100_A:25_M:3.0
21,120,100,14,3.0,241.01,4.061265662878397,59.34,25,1.8260417785325245,SOL,R:21_L:120_F:100_A:14_M:3.0
21,120,150,7,4.0,239.93,4.06008891659361,59.1,21,1.814201728984568,SOL,R:21_L:120_F:150_A:7_M:4.0
7,20,100,14,1.5,123.18,4.040370641000944,30.49,28,2.0048969595116435,RENDER,R:7_L:20_F:100_A:14_M:1.5
8,120,100,20,1.5,247.0,4.04033137274246,61.13,42,1.8337405775607996,SOL,R:8_L:120_F:100_A:20_M:1.5
21,120,100,20,3.0,239.72,4.039543508806421,59.34,25,1.822640081804413,SOL,R:21_L:120_F:100_A:20_M:3.0
18,50,100,25,2.5,196.97,4.03530095528677,48.81,39,1.217411875169642,DOGE,R:18_L:50_F:100_A:25_M:2.5
12,80,100,5,1.5,213.36,4.032297706737604,52.91,42,1.7462521132818078,SOL,R:12_L:80_F:100_A:5_M:1.5
18,50,100,30,2.5,196.67,4.029143446684355,48.81,39,1.216711988735354,DOGE,R:18_L:50_F:100_A:30_M:2.5
10,120,50,7,1.5,225.76,4.027854147842858,56.05,36,1.7754128983699378,SOL,R:10_L:120_F:50_A:7_M:1.5
18,50,100,20,2.5,196.34,4.022492367247135,48.81,39,1.215952827068287,DOGE,R:18_L:50_F:100_A:20_M:2.5
21,120,100,10,3.0,238.47,4.018600318846392,59.34,25,1.816917324437898,SOL,R:21_L:120_F:100_A:10_M:3.0
8,120,100,14,1.5,246.43,4.0052882949292,61.53,42,1.832416357489994,SOL,R:8_L:120_F:100_A:14_M:1.5
21,120,100,14,4.0,237.55,4.003043143839941,59.34,25,1.7971539070083096,SOL,R:21_L:120_F:100_A:14_M:4.0
10,100,50,5,1.5,213.09,4.00206407032154,53.25,40,1.737654627448454,SOL,R:10_L:100_F:50_A:5_M:1.5
21,120,100,30,4.0,237.47,4.001744140721277,59.34,25,1.7976217621579635,SOL,R:21_L:120_F:100_A:30_M:4.0
5,40,100,7,1.0,118.42,3.997661131894691,29.62,23,1.74453538284155,RENDER,R:5_L:40_F:100_A:7_M:1.0
21,120,150,30,5.0,236.13,3.9958067624726215,59.1,21,1.8000983538875923,SOL,R:21_L:120_F:150_A:30_M:5.0
10,120,100,5,1.5,218.96,3.995149455880677,54.81,38,1.7481196642091643,SOL,R:10_L:120_F:100_A:5_M:1.5
10,120,150,30,6.0,220.6,3.994873228645451,55.22,27,1.7423672869426057,SOL,R:10_L:120_F:150_A:30_M:6.0
10,120,200,5,1.0,208.07,3.994846553113361,52.08,23,1.8161684765628356,SOL,R:10_L:120_F:200_A:5_M:1.0
8,100,100,20,1.0,248.31,3.992577269034884,62.19,50,1.855000611331924,SOL,R:8_L:100_F:100_A:20_M:1.0
5,30,50,5,2.0,184.26,3.989674835300864,46.18,71,1.683989007953544,SOL,R:5_L:30_F:50_A:5_M:2.0
21,120,150,7,2.0,235.69,3.9882520915127815,59.1,21,1.8192016033524516,SOL,R:21_L:120_F:150_A:7_M:2.0
10,120,150,25,6.0,220.2,3.987579807681792,55.22,27,1.7407863702745798,SOL,R:10_L:120_F:150_A:25_M:6.0
21,120,100,25,4.0,236.32,3.982329142005788,59.34,25,1.7933903411966603,SOL,R:21_L:120_F:100_A:25_M:4.0
12,100,50,7,2.0,229.64,3.982176467358512,57.67,39,1.773761128184836,SOL,R:12_L:100_F:50_A:7_M:2.0
18,50,100,5,2.5,194.36,3.9819531213804353,48.81,39,1.2118529414712502,DOGE,R:18_L:50_F:100_A:5_M:2.5
8,100,100,25,1.0,247.5,3.981791673966055,62.16,50,1.8525518570059971,SOL,R:8_L:100_F:100_A:25_M:1.0
21,120,150,20,2.0,235.14,3.9790291790407175,59.1,21,1.81881153293167,SOL,R:21_L:120_F:150_A:20_M:2.0
21,120,150,25,5.0,235.11,3.97851744087772,59.1,21,1.79617326713281,SOL,R:21_L:120_F:150_A:25_M:5.0
10,120,50,20,1.5,222.01,3.9715182531011375,55.9,36,1.7635612268195864,SOL,R:10_L:120_F:50_A:20_M:1.5
10,120,150,5,5.0,219.22,3.9698182642594015,55.22,27,1.73689045618101,SOL,R:10_L:120_F:150_A:5_M:5.0
10,120,150,10,6.0,219.19,3.9692301024023977,55.22,27,1.7367893753086534,SOL,R:10_L:120_F:150_A:10_M:6.0
18,100,100,7,1.5,220.39,3.965942525438308,55.57,28,1.7756288398089697,SOL,R:18_L:100_F:100_A:7_M:1.5
10,120,50,14,1.5,223.94,3.964427642610104,56.49,36,1.7693473084172429,SOL,R:10_L:120_F:50_A:14_M:1.5
21,120,100,20,4.0,235.19,3.963325044507103,59.34,25,1.7891579187981337,SOL,R:21_L:120_F:100_A:20_M:4.0
5,80,100,14,1.5,232.5,3.962902698948979,58.67,45,1.831319261254739,SOL,R:5_L:80_F:100_A:14_M:1.5
18,50,100,10,2.5,193.42,3.962635811734184,48.81,39,1.209192877218337,DOGE,R:18_L:50_F:100_A:10_M:2.5
18,50,50,5,2.5,193.0,3.95399870616621,48.81,57,1.2154987020687078,DOGE,R:18_L:50_F:50_A:5_M:2.5
18,50,100,5,2.0,192.72,3.9481796061175114,48.81,39,1.2075161090071933,DOGE,R:18_L:50_F:100_A:5_M:2.0
18,50,50,10,3.0,190.63,3.9053760300799008,48.81,57,1.2104303418604574,DOGE,R:18_L:50_F:50_A:10_M:3.0
18,50,100,7,2.5,190.27,3.89801104941198,48.81,39,1.2020285914314162,DOGE,R:18_L:50_F:100_A:7_M:2.5
18,50,100,14,2.5,190.14,3.895320098921657,48.81,39,1.2012878361207453,DOGE,R:18_L:50_F:100_A:14_M:2.5
18,80,150,14,1.5,105.69,3.8930819918927058,27.15,11,1.7083101224622863,RENDER,R:18_L:80_F:150_A:14_M:1.5
18,50,50,7,2.5,190.02,3.892929091784278,48.81,57,1.208486661528943,DOGE,R:18_L:50_F:50_A:7_M:2.5
18,50,100,30,4.0,189.59,3.8842220476549474,48.81,39,1.2004436220161436,DOGE,R:18_L:50_F:100_A:30_M:4.0
5,40,100,5,1.0,115.93,3.881373334362306,29.87,23,1.722995339554132,RENDER,R:5_L:40_F:100_A:5_M:1.0
18,50,50,25,3.0,188.7,3.8659991944913097,48.81,57,1.2053552797794076,DOGE,R:18_L:50_F:50_A:25_M:3.0
18,50,100,5,3.0,188.38,3.859322184860032,48.81,39,1.1975282931296498,DOGE,R:18_L:50_F:100_A:5_M:3.0
18,50,100,25,4.0,187.28,3.836912600228787,48.81,39,1.1949079080113127,DOGE,R:18_L:50_F:100_A:25_M:4.0
18,50,50,30,5.0,201.52,3.830361037034144,52.61,57,1.2356826668679988,DOGE,R:18_L:50_F:50_A:30_M:5.0
18,50,50,14,3.0,186.56,3.822097122262633,48.81,57,1.200687452353752,DOGE,R:18_L:50_F:50_A:14_M:3.0
18,50,50,5,3.0,184.95,3.789094589588829,48.81,57,1.1967308660856557,DOGE,R:18_L:50_F:50_A:5_M:3.0
18,50,100,10,3.0,184.22,3.773722523311268,48.82,39,1.1876174623851972,DOGE,R:18_L:50_F:100_A:10_M:3.0
21,80,100,20,1.5,106.02,3.772994930969791,28.1,12,1.6602242503444369,RENDER,R:21_L:80_F:100_A:20_M:1.5
18,50,100,25,3.0,184.1,3.7717522640156993,48.81,39,1.186797624870159,DOGE,R:18_L:50_F:100_A:25_M:3.0
18,50,100,30,3.0,183.75,3.764562233708312,48.81,39,1.1859958709620628,DOGE,R:18_L:50_F:100_A:30_M:3.0
21,40,100,5,3.0,122.29,3.757903392148752,32.54,13,1.7255375474307446,RENDER,R:21_L:40_F:100_A:5_M:3.0
18,50,100,20,3.0,183.36,3.756543735148586,48.81,39,1.1850142082146131,DOGE,R:18_L:50_F:100_A:20_M:3.0
18,50,50,7,5.0,199.74,3.756379848127228,53.17,57,1.2316801623902254,DOGE,R:18_L:50_F:50_A:7_M:5.0
18,50,50,20,4.0,185.47,3.74822442749813,49.48,57,1.198447291170563,DOGE,R:18_L:50_F:50_A:20_M:4.0
18,50,50,25,5.0,200.4,3.7472579626172746,53.48,57,1.2332064780147889,DOGE,R:18_L:50_F:50_A:25_M:5.0
18,50,100,14,3.0,182.52,3.7391939847157127,48.81,39,1.183350897693672,DOGE,R:18_L:50_F:100_A:14_M:3.0
7,20,100,10,1.5,119.07,3.725735304675762,31.96,28,1.964206135433039,RENDER,R:7_L:20_F:100_A:10_M:1.5
18,50,100,5,4.0,184.57,3.724737731032434,49.55,39,1.1884473530890385,DOGE,R:18_L:50_F:100_A:5_M:4.0
7,40,100,7,1.0,108.18,3.722887094192864,29.06,21,1.6054060285622662,RENDER,R:7_L:40_F:100_A:7_M:1.0
21,80,100,25,1.5,104.38,3.702500062306693,28.19,12,1.658375427990442,RENDER,R:21_L:80_F:100_A:25_M:1.5
21,40,100,20,4.0,121.4,3.6993643985159688,32.82,13,1.7214542802070811,RENDER,R:21_L:40_F:100_A:20_M:4.0
18,50,50,30,3.0,180.4,3.695958487801091,48.81,57,1.185233037114649,DOGE,R:18_L:50_F:50_A:30_M:3.0
18,50,50,20,2.5,180.3,3.693841530776966,48.81,58,1.1807665265570737,DOGE,R:18_L:50_F:50_A:20_M:2.5
8,20,100,14,1.5,96.38,3.683408801669621,26.17,29,1.7350459103952005,RENDER,R:8_L:20_F:100_A:14_M:1.5
21,40,100,30,2.0,93.98,3.666118731485689,25.63,13,1.5580780597048849,RENDER,R:21_L:40_F:100_A:30_M:2.0
21,40,100,14,4.0,120.81,3.661254036002218,33.0,13,1.7160704909108555,RENDER,R:21_L:40_F:100_A:14_M:4.0
18,50,50,10,5.0,196.88,3.659580068594652,53.8,57,1.225148616583427,DOGE,R:18_L:50_F:50_A:10_M:5.0
18,50,50,14,5.0,199.91,3.653494260957793,54.72,57,1.232193660744011,DOGE,R:18_L:50_F:50_A:14_M:5.0
18,50,50,30,2.5,178.2,3.650796231806245,48.81,58,1.175922278229852,DOGE,R:18_L:50_F:50_A:30_M:2.5
7,40,100,5,1.0,107.05,3.6373274277527927,29.43,21,1.597286167235285,RENDER,R:7_L:40_F:100_A:5_M:1.0
18,50,100,20,4.0,183.33,3.628966477035659,50.52,39,1.185392754436009,DOGE,R:18_L:50_F:100_A:20_M:4.0
18,50,50,7,4.0,186.6,3.6273932062060936,51.44,57,1.2014788039928646,DOGE,R:18_L:50_F:50_A:7_M:4.0
21,40,100,20,2.0,93.35,3.6265967947877855,25.74,13,1.549222170777121,RENDER,R:21_L:40_F:100_A:20_M:2.0
18,50,50,7,3.0,183.08,3.618914997927702,50.59,57,1.1923667776985865,DOGE,R:18_L:50_F:50_A:7_M:3.0
18,50,100,7,3.0,183.39,3.604794005773978,50.87,39,1.1857237225315205,DOGE,R:18_L:50_F:100_A:7_M:3.0
18,50,50,5,5.0,195.87,3.594881065580597,54.49,57,1.2230910345229626,DOGE,R:18_L:50_F:50_A:5_M:5.0
18,50,50,5,2.0,175.44,3.5727062148477957,49.1,58,1.1691615722194502,DOGE,R:18_L:50_F:50_A:5_M:2.0
18,50,50,7,6.0,195.81,3.566452986873353,54.9,57,1.222970132426753,DOGE,R:18_L:50_F:50_A:7_M:6.0
18,50,50,20,5.0,197.5,3.551568319543194,55.61,57,1.226799651525109,DOGE,R:18_L:50_F:50_A:20_M:5.0
21,150,200,30,5.0,214.33,3.5481309784395654,60.41,45,1.6733667673529848,FET,R:21_L:150_F:200_A:30_M:5.0
18,50,50,14,4.0,189.3,3.547021261666829,53.37,57,1.2079258547597551,DOGE,R:18_L:50_F:50_A:14_M:4.0
18,50,50,10,2.5,172.98,3.543885104235068,48.81,58,1.1628791468210793,DOGE,R:18_L:50_F:50_A:10_M:2.5
18,50,50,5,6.0,193.0,3.53086180342364,54.66,57,1.2166893573070132,DOGE,R:18_L:50_F:50_A:5_M:6.0
18,80,150,25,2.0,97.82,3.528296602447006,27.72,10,1.6184630325522238,RENDER,R:18_L:80_F:150_A:25_M:2.0
18,50,50,20,6.0,197.94,3.521877705568321,56.2,57,1.2279112719560723,DOGE,R:18_L:50_F:50_A:20_M:6.0
18,50,50,10,6.0,195.84,3.5189832098752354,55.65,57,1.2230930164603324,DOGE,R:18_L:50_F:50_A:10_M:6.0
21,40,100,25,2.0,92.51,3.5179317958327814,26.3,13,1.5418752415790438,RENDER,R:21_L:40_F:100_A:25_M:2.0
21,40,100,30,4.0,118.26,3.501759905203384,33.77,13,1.6925253442770498,RENDER,R:21_L:40_F:100_A:30_M:4.0
18,50,50,25,2.5,176.17,3.5005404625763736,50.33,58,1.1708595628234126,DOGE,R:18_L:50_F:50_A:25_M:2.5
21,40,100,10,4.0,118.15,3.4946993716420125,33.81,13,1.691444034030052,RENDER,R:21_L:40_F:100_A:10_M:4.0
21,150,200,25,5.0,211.95,3.4789790596944563,60.92,45,1.6647038877706992,FET,R:21_L:150_F:200_A:25_M:5.0
18,50,50,20,3.0,172.24,3.4740316932597004,49.58,58,1.1613645338161165,DOGE,R:18_L:50_F:50_A:20_M:3.0
18,50,100,7,4.0,181.33,3.458061140114641,52.44,39,1.1807029118297898,DOGE,R:18_L:50_F:100_A:7_M:4.0
18,50,50,14,6.0,196.01,3.453568211491028,56.76,57,1.2236147676101508,DOGE,R:18_L:50_F:50_A:14_M:6.0
18,50,50,10,4.0,186.47,3.4260972180237066,54.43,57,1.201436882895632,DOGE,R:18_L:50_F:50_A:10_M:4.0
15,40,200,5,5.0,85.21,3.4224214857243824,24.9,10,1.6814035340169418,RENDER,R:15_L:40_F:200_A:5_M:5.0
15,40,200,20,4.0,85.21,3.4224214857243824,24.9,10,1.6814035340169418,RENDER,R:15_L:40_F:200_A:20_M:4.0
15,40,200,30,5.0,85.21,3.4224214857243824,24.9,10,1.6814035340169418,RENDER,R:15_L:40_F:200_A:30_M:5.0
15,40,200,25,4.0,85.21,3.4224214857243824,24.9,10,1.6814035340169418,RENDER,R:15_L:40_F:200_A:25_M:4.0
15,40,200,14,5.0,85.21,3.4224214857243824,24.9,10,1.6814035340169418,RENDER,R:15_L:40_F:200_A:14_M:5.0
15,40,200,10,5.0,85.21,3.4224214857243824,24.9,10,1.6814035340169418,RENDER,R:15_L:40_F:200_A:10_M:5.0
15,40,200,14,6.0,85.21,3.4224214857243824,24.9,10,1.6814035340169418,RENDER,R:15_L:40_F:200_A:14_M:6.0
15,40,200,20,5.0,85.21,3.4224214857243824,24.9,10,1.6814035340169418,RENDER,R:15_L:40_F:200_A:20_M:5.0
15,40,200,10,4.0,85.21,3.4224214857243824,24.9,10,1.6814035340169418,RENDER,R:15_L:40_F:200_A:10_M:4.0
15,40,200,7,4.0,85.21,3.4224214857243824,24.9,10,1.6814035340169418,RENDER,R:15_L:40_F:200_A:7_M:4.0
15,40,200,7,6.0,85.21,3.4224214857243824,24.9,10,1.6814035340169418,RENDER,R:15_L:40_F:200_A:7_M:6.0
15,40,200,25,6.0,85.21,3.4224214857243824,24.9,10,1.6814035340169418,RENDER,R:15_L:40_F:200_A:25_M:6.0
15,40,200,7,5.0,85.21,3.4224214857243824,24.9,10,1.6814035340169418,RENDER,R:15_L:40_F:200_A:7_M:5.0
15,40,200,20,6.0,85.21,3.4224214857243824,24.9,10,1.6814035340169418,RENDER,R:15_L:40_F:200_A:20_M:6.0
15,40,200,10,6.0,85.21,3.4224214857243824,24.9,10,1.6814035340169418,RENDER,R:15_L:40_F:200_A:10_M:6.0
15,40,200,25,5.0,85.21,3.4224214857243824,24.9,10,1.6814035340169418,RENDER,R:15_L:40_F:200_A:25_M:5.0
15,40,200,30,4.0,85.21,3.4224214857243824,24.9,10,1.6814035340169418,RENDER,R:15_L:40_F:200_A:30_M:4.0
15,40,200,5,4.0,85.21,3.4224214857243824,24.9,10,1.6814035340169418,RENDER,R:15_L:40_F:200_A:5_M:4.0
15,40,200,30,6.0,85.21,3.4224214857243824,24.9,10,1.6814035340169418,RENDER,R:15_L:40_F:200_A:30_M:6.0
15,40,200,5,6.0,85.21,3.4224214857243824,24.9,10,1.6814035340169418,RENDER,R:15_L:40_F:200_A:5_M:6.0
18,50,100,30,5.0,182.95,3.41440285946092,53.58,39,1.1847865248491594,DOGE,R:18_L:50_F:100_A:30_M:5.0
18,50,200,10,1.0,166.33,3.4075953015926435,48.81,26,1.1353575196627357,DOGE,R:18_L:50_F:200_A:10_M:1.0
18,80,150,30,2.0,95.68,3.406153367021773,28.09,10,1.5967462421830094,RENDER,R:18_L:80_F:150_A:30_M:2.0
18,50,200,7,1.0,166.11,3.403138986515825,48.81,26,1.134757943592098,DOGE,R:18_L:50_F:200_A:7_M:1.0
21,40,100,5,4.0,116.59,3.4008007690265427,34.28,13,1.6797698939734478,RENDER,R:21_L:40_F:100_A:5_M:4.0
18,80,150,20,2.0,95.22,3.400553833148345,28.0,10,1.5908751350626644,RENDER,R:18_L:80_F:150_A:20_M:2.0
18,50,50,30,6.0,196.49,3.391132174373282,57.94,57,1.2247968403675094,DOGE,R:18_L:50_F:50_A:30_M:6.0
18,50,200,30,1.5,164.83,3.376876452428109,48.81,26,1.1313717269905124,DOGE,R:18_L:50_F:200_A:30_M:1.5
21,150,250,30,5.0,203.93,3.3759019674970294,60.41,39,1.6958137742849424,FET,R:21_L:150_F:250_A:30_M:5.0
18,50,200,25,1.5,164.78,3.3757568907840363,48.81,26,1.1312147560999557,DOGE,R:18_L:50_F:200_A:25_M:1.5
18,50,100,14,4.0,182.87,3.3662612367154154,54.32,39,1.1846319960035658,DOGE,R:18_L:50_F:100_A:14_M:4.0
21,40,100,25,4.0,115.99,3.365322931589974,34.47,13,1.6744908895533035,RENDER,R:21_L:40_F:100_A:25_M:4.0
18,80,150,14,2.0,93.3,3.357161978637872,27.79,10,1.5765889642543536,RENDER,R:18_L:80_F:150_A:14_M:2.0
18,50,200,10,1.5,163.74,3.3545274581647955,48.81,26,1.1288690321033188,DOGE,R:18_L:50_F:200_A:10_M:1.5
21,150,200,30,6.0,209.72,3.3531865820123343,62.54,45,1.657432081487046,FET,R:21_L:150_F:200_A:30_M:6.0
18,50,200,20,1.5,163.63,3.3522218078417385,48.81,26,1.1281073525475531,DOGE,R:18_L:50_F:200_A:20_M:1.5
21,40,100,14,2.0,115.74,3.3507056202672487,34.54,13,1.654895111384842,RENDER,R:21_L:40_F:100_A:14_M:2.0
21,150,200,20,5.0,208.41,3.350612013217915,62.2,45,1.6519081644428342,FET,R:21_L:150_F:200_A:20_M:5.0
18,50,100,7,5.0,181.28,3.3488083569887794,54.13,39,1.1807200735548522,DOGE,R:18_L:50_F:100_A:7_M:5.0
18,50,200,7,1.5,163.34,3.346423919725243,48.81,26,1.1277798807873816,DOGE,R:18_L:50_F:200_A:7_M:1.5
18,50,100,25,5.0,181.9,3.3417699049552128,54.43,39,1.1822727929881218,DOGE,R:18_L:50_F:100_A:25_M:5.0
15,40,200,14,4.0,82.87,3.328370283346273,24.9,11,1.6814035340169418,RENDER,R:15_L:40_F:200_A:14_M:4.0
18,50,50,14,2.5,171.9,3.328008912195951,51.65,58,1.1599865285952944,DOGE,R:18_L:50_F:50_A:14_M:2.5
18,50,150,10,1.0,162.4,3.3270601903247505,48.81,29,1.1255183560619575,DOGE,R:18_L:50_F:150_A:10_M:1.0
18,50,200,5,1.5,162.25,3.3240170404681018,48.81,26,1.1247224792116437,DOGE,R:18_L:50_F:200_A:5_M:1.5
14,40,200,30,4.0,74.82,3.3232556420757127,22.51,10,1.554362331422415,RENDER,R:14_L:40_F:200_A:30_M:4.0
14,40,200,5,5.0,74.82,3.3232556420757127,22.51,10,1.554362331422415,RENDER,R:14_L:40_F:200_A:5_M:5.0
14,40,200,20,4.0,74.82,3.3232556420757127,22.51,10,1.554362331422415,RENDER,R:14_L:40_F:200_A:20_M:4.0
14,40,200,25,4.0,74.82,3.3232556420757127,22.51,10,1.554362331422415,RENDER,R:14_L:40_F:200_A:25_M:4.0
14,40,200,5,6.0,74.82,3.3232556420757127,22.51,10,1.554362331422415,RENDER,R:14_L:40_F:200_A:5_M:6.0
14,40,200,30,6.0,74.82,3.3232556420757127,22.51,10,1.554362331422415,RENDER,R:14_L:40_F:200_A:30_M:6.0
14,40,200,30,5.0,74.82,3.3232556420757127,22.51,10,1.554362331422415,RENDER,R:14_L:40_F:200_A:30_M:5.0
14,40,200,7,6.0,74.82,3.3232556420757127,22.51,10,1.554362331422415,RENDER,R:14_L:40_F:200_A:7_M:6.0
14,40,200,25,6.0,74.82,3.3232556420757127,22.51,10,1.554362331422415,RENDER,R:14_L:40_F:200_A:25_M:6.0
14,40,200,7,4.0,74.82,3.3232556420757127,22.51,10,1.554362331422415,RENDER,R:14_L:40_F:200_A:7_M:4.0
14,40,200,25,5.0,74.82,3.3232556420757127,22.51,10,1.554362331422415,RENDER,R:14_L:40_F:200_A:25_M:5.0
14,40,200,10,6.0,74.82,3.3232556420757127,22.51,10,1.554362331422415,RENDER,R:14_L:40_F:200_A:10_M:6.0
14,40,200,20,6.0,74.82,3.3232556420757127,22.51,10,1.554362331422415,RENDER,R:14_L:40_F:200_A:20_M:6.0
14,40,200,7,5.0,74.82,3.3232556420757127,22.51,10,1.554362331422415,RENDER,R:14_L:40_F:200_A:7_M:5.0
14,40,200,10,4.0,74.82,3.3232556420757127,22.51,10,1.554362331422415,RENDER,R:14_L:40_F:200_A:10_M:4.0
14,40,200,5,4.0,74.82,3.3232556420757127,22.51,10,1.554362331422415,RENDER,R:14_L:40_F:200_A:5_M:4.0
14,40,200,14,5.0,74.82,3.3232556420757127,22.51,10,1.554362331422415,RENDER,R:14_L:40_F:200_A:14_M:5.0
14,40,200,10,5.0,74.82,3.3232556420757127,22.51,10,1.554362331422415,RENDER,R:14_L:40_F:200_A:10_M:5.0
14,40,200,14,6.0,74.82,3.3232556420757127,22.51,10,1.554362331422415,RENDER,R:14_L:40_F:200_A:14_M:6.0
14,40,200,20,5.0,74.82,3.3232556420757127,22.51,10,1.554362331422415,RENDER,R:14_L:40_F:200_A:20_M:5.0
21,150,250,25,5.0,202.44,3.322811253919618,60.92,39,1.6897809065142173,FET,R:21_L:150_F:250_A:25_M:5.0
18,50,200,14,1.5,161.95,3.317832634247624,48.81,26,1.1236371178858702,DOGE,R:18_L:50_F:200_A:14_M:1.5
18,120,200,30,4.0,185.28,3.315146428352869,55.89,50,1.613410465759714,FET,R:18_L:120_F:200_A:30_M:4.0
18,100,200,7,2.5,199.01,3.314585461430057,60.04,51,1.686218270546583,FET,R:18_L:100_F:200_A:7_M:2.5
18,50,100,10,5.0,181.3,3.3118036046384662,54.74,39,1.1808157490942706,DOGE,R:18_L:50_F:100_A:10_M:5.0
18,50,50,25,6.0,194.96,3.307630119471052,58.94,57,1.2214266811907448,DOGE,R:18_L:50_F:50_A:25_M:6.0
8,20,100,10,1.5,92.05,3.3069581067734037,27.84,29,1.687415390781553,RENDER,R:8_L:20_F:100_A:10_M:1.5
21,80,100,14,1.5,100.1,3.3065349334619265,30.27,12,1.5879928013566929,RENDER,R:21_L:80_F:100_A:14_M:1.5
18,50,150,7,1.0,160.82,3.294743133631412,48.81,29,1.1212821454379398,DOGE,R:18_L:50_F:150_A:7_M:1.0
18,50,150,30,1.5,160.69,3.2920360281924554,48.81,29,1.120984704489295,DOGE,R:18_L:50_F:150_A:30_M:1.5
18,50,100,10,1.0,162.67,3.2898880550153327,49.45,39,1.127491346561747,DOGE,R:18_L:50_F:100_A:10_M:1.0
18,50,200,10,2.0,160.51,3.2884768919199563,48.81,26,1.1201200484942075,DOGE,R:18_L:50_F:200_A:10_M:2.0
18,50,150,25,1.5,160.46,3.287419823323209,48.81,29,1.120353266340127,DOGE,R:18_L:50_F:150_A:25_M:1.5
21,150,200,25,6.0,207.22,3.2815828289716404,63.15,45,1.6483467307748545,FET,R:21_L:150_F:200_A:25_M:6.0
21,80,100,10,1.5,99.37,3.2714317549393086,30.38,12,1.577120051857258,RENDER,R:21_L:80_F:100_A:10_M:1.5
9,200,100,25,0.5,100.32,3.2693078877619546,30.68,9,1.772852389709749,RENDER,R:9_L:200_F:100_A:25_M:0.5
21,100,250,7,2.5,192.6,3.267347182874632,58.95,42,1.6975064448266992,FET,R:21_L:100_F:250_A:7_M:2.5
18,50,200,20,2.0,159.43,3.2663333597861723,48.81,26,1.1171067871118274,DOGE,R:18_L:50_F:200_A:20_M:2.0
18,50,200,25,2.0,159.37,3.265002026457272,48.81,26,1.1169354455966316,DOGE,R:18_L:50_F:200_A:25_M:2.0
18,50,150,20,1.5,159.29,3.2633857581364034,48.81,29,1.1171250636335115,DOGE,R:18_L:50_F:150_A:20_M:1.5
21,150,200,5,3.0,214.5,3.2620664084257958,65.76,45,1.678775583882348,FET,R:21_L:150_F:200_A:5_M:3.0
18,50,100,14,5.0,181.44,3.260661292951266,55.65,39,1.181248023226397,DOGE,R:18_L:50_F:100_A:14_M:5.0
18,50,100,10,4.0,180.37,3.2580591259634204,55.36,39,1.1786299452665194,DOGE,R:18_L:50_F:100_A:10_M:4.0
18,50,200,30,2.0,159.02,3.2578138026394248,48.81,26,1.115929937346283,DOGE,R:18_L:50_F:200_A:30_M:2.0
9,200,50,25,0.5,99.92,3.2562611943899915,30.68,10,1.7687242392968834,RENDER,R:9_L:200_F:50_A:25_M:0.5
21,50,150,14,2.0,90.92,3.23851872810426,28.07,11,1.4725825451568306,RENDER,R:21_L:50_F:150_A:14_M:2.0
9,200,100,10,0.5,99.87,3.238307823799897,30.84,9,1.7680189589483324,RENDER,R:9_L:200_F:100_A:10_M:0.5
18,120,200,25,4.0,183.33,3.228260884445189,56.79,50,1.6053896464551376,FET,R:18_L:120_F:200_A:25_M:4.0
21,150,250,30,6.0,201.88,3.227841549035192,62.54,39,1.687996222420887,FET,R:21_L:150_F:250_A:30_M:6.0
9,200,50,10,0.5,99.47,3.22535595172896,30.84,10,1.763891894197079,RENDER,R:9_L:200_F:50_A:10_M:0.5
14,40,200,14,4.0,72.61,3.2250843213749083,22.51,11,1.554362331422415,RENDER,R:14_L:40_F:200_A:14_M:4.0
7,20,100,5,1.5,110.89,3.2240896298333537,34.39,29,1.882204393969396,RENDER,R:7_L:20_F:100_A:5_M:1.5
18,50,200,7,2.0,157.32,3.2230802446946583,48.81,26,1.111241592657964,DOGE,R:18_L:50_F:200_A:7_M:2.0
21,40,100,10,2.0,113.5,3.2221540494048884,35.23,13,1.6346301149744262,RENDER,R:21_L:40_F:100_A:10_M:2.0
14,50,100,14,2.0,170.97,3.2187399913440333,53.12,41,1.152129812846027,DOGE,R:14_L:50_F:100_A:14_M:2.0
15,150,250,30,5.0,207.8,3.21423295061245,64.65,43,1.7183375478989928,FET,R:15_L:150_F:250_A:30_M:5.0
21,40,100,10,2.5,113.32,3.211973618705363,35.28,13,1.6297617034030725,RENDER,R:21_L:40_F:100_A:10_M:2.5
18,50,100,5,5.0,177.65,3.205605785419682,55.42,39,1.1720031719670363,DOGE,R:18_L:50_F:100_A:5_M:5.0
18,50,200,14,2.0,156.42,3.204622282342785,48.81,26,1.1090203447665057,DOGE,R:18_L:50_F:200_A:14_M:2.0
21,150,250,20,5.0,199.33,3.204607473842069,62.2,39,1.6772165616834769,FET,R:21_L:150_F:250_A:20_M:5.0
5,80,100,25,6.0,123.2,3.204209301734362,38.45,47,1.5837257454086668,BNB,R:5_L:80_F:100_A:25_M:6.0
5,80,100,30,6.0,123.2,3.204209301734362,38.45,47,1.5837257454086668,BNB,R:5_L:80_F:100_A:30_M:6.0
5,80,100,5,6.0,123.2,3.204209301734362,38.45,47,1.5837257454086668,BNB,R:5_L:80_F:100_A:5_M:6.0
5,80,100,20,6.0,123.2,3.204209301734362,38.45,47,1.5837257454086668,BNB,R:5_L:80_F:100_A:20_M:6.0
5,80,100,14,5.0,123.2,3.204209301734362,38.45,47,1.5837257454086668,BNB,R:5_L:80_F:100_A:14_M:5.0
5,80,100,7,5.0,123.2,3.204209301734362,38.45,47,1.5837257454086668,BNB,R:5_L:80_F:100_A:7_M:5.0
5,80,100,10,6.0,123.2,3.204209301734362,38.45,47,1.5837257454086668,BNB,R:5_L:80_F:100_A:10_M:6.0
5,80,100,25,5.0,123.2,3.204209301734362,38.45,47,1.5837257454086668,BNB,R:5_L:80_F:100_A:25_M:5.0
5,80,100,10,5.0,123.2,3.204209301734362,38.45,47,1.5837257454086668,BNB,R:5_L:80_F:100_A:10_M:5.0
5,80,100,5,4.0,123.2,3.204209301734362,38.45,47,1.5837257454086668,BNB,R:5_L:80_F:100_A:5_M:4.0
5,80,100,5,5.0,123.2,3.204209301734362,38.45,47,1.5837257454086668,BNB,R:5_L:80_F:100_A:5_M:5.0
5,80,100,14,6.0,123.2,3.204209301734362,38.45,47,1.5837257454086668,BNB,R:5_L:80_F:100_A:14_M:6.0
5,80,100,7,6.0,123.2,3.204209301734362,38.45,47,1.5837257454086668,BNB,R:5_L:80_F:100_A:7_M:6.0
5,80,100,30,5.0,123.2,3.204209301734362,38.45,47,1.5837257454086668,BNB,R:5_L:80_F:100_A:30_M:5.0
21,150,200,20,6.0,206.67,3.1976380187030893,64.63,45,1.646635625356065,FET,R:21_L:150_F:200_A:20_M:6.0
15,50,100,20,1.0,155.97,3.1953348113269526,48.81,40,1.108103940764267,DOGE,R:15_L:50_F:100_A:20_M:1.0
21,150,200,14,5.0,206.1,3.1932069696831773,64.54,45,1.644785232819476,FET,R:21_L:150_F:200_A:14_M:5.0
21,150,200,5,6.0,205.71,3.1875864833037624,64.53,45,1.6430822430761156,FET,R:21_L:150_F:200_A:5_M:6.0
15,50,100,14,1.0,155.4,3.183746510313974,48.81,40,1.1066936512934924,DOGE,R:15_L:50_F:100_A:14_M:1.0
18,80,150,10,2.0,88.6,3.1826481558909108,27.84,11,1.5280796874652998,RENDER,R:18_L:80_F:150_A:10_M:2.0
15,50,100,25,2.0,178.28,3.181781897378231,56.03,40,1.170907503623243,DOGE,R:15_L:50_F:100_A:25_M:2.0
18,50,100,7,6.0,177.6,3.181117036878946,55.83,39,1.1718809614158616,DOGE,R:18_L:50_F:100_A:7_M:6.0
18,50,200,20,2.5,155.25,3.180684952622602,48.81,26,1.1056013656131032,DOGE,R:18_L:50_F:200_A:20_M:2.5
21,150,200,7,6.0,205.26,3.1805976456854657,64.53,45,1.6414554635180592,FET,R:21_L:150_F:200_A:7_M:6.0
18,50,100,30,2.0,182.52,3.178347346298519,57.43,39,1.1816608500584298,DOGE,R:18_L:50_F:100_A:30_M:2.0
18,50,100,25,2.0,183.13,3.178201356416431,57.62,39,1.18292923730403,DOGE,R:18_L:50_F:100_A:25_M:2.0
15,50,100,30,2.0,177.45,3.1772600440890555,55.85,40,1.1685202009256537,DOGE,R:15_L:50_F:100_A:30_M:2.0
21,150,250,25,6.0,200.44,3.1742269618595844,63.15,39,1.68218321638443,FET,R:21_L:150_F:250_A:25_M:6.0
15,150,250,30,6.0,205.6,3.173370039833498,64.79,43,1.7097240612692404,FET,R:15_L:150_F:250_A:30_M:6.0
18,50,100,20,5.0,179.17,3.1702474633809263,56.52,39,1.175770367944644,DOGE,R:18_L:50_F:100_A:20_M:5.0
21,150,200,10,4.0,204.17,3.166957220651414,64.47,45,1.6370123987422702,FET,R:21_L:150_F:200_A:10_M:4.0
18,50,100,7,1.0,160.69,3.164125445601151,50.79,39,1.122188621060477,DOGE,R:18_L:50_F:100_A:7_M:1.0
15,150,250,25,5.0,204.3,3.1600968063497223,64.65,43,1.7044205846997875,FET,R:15_L:150_F:250_A:25_M:5.0
15,150,250,25,6.0,204.59,3.159366686399482,64.76,43,1.7057491207028792,FET,R:15_L:150_F:250_A:25_M:6.0
15,150,250,20,5.0,204.01,3.1555516839568587,64.65,43,1.7033263908711505,FET,R:15_L:150_F:250_A:20_M:5.0
18,50,100,5,1.5,179.52,3.153812354638505,56.92,39,1.1738445368148334,DOGE,R:18_L:50_F:100_A:5_M:1.5
15,50,100,10,1.0,153.7,3.148931797312793,48.81,40,1.1018279818745609,DOGE,R:15_L:50_F:100_A:10_M:1.0
21,100,250,20,4.0,198.44,3.148750711273172,63.02,42,1.702836921109924,FET,R:21_L:100_F:250_A:20_M:4.0
18,100,200,14,3.0,200.44,3.1486443832969,63.66,51,1.6908846090624916,FET,R:18_L:100_F:200_A:14_M:3.0
18,50,100,5,6.0,174.95,3.147262592490149,55.59,39,1.1655088760997443,DOGE,R:18_L:50_F:100_A:5_M:6.0
18,50,100,20,6.0,179.59,3.145193564727353,57.1,39,1.176904592951228,DOGE,R:18_L:50_F:100_A:20_M:6.0
15,150,250,20,6.0,203.7,3.1381056048182714,64.91,43,1.702146055460889,FET,R:15_L:150_F:250_A:20_M:6.0
18,100,200,25,3.0,198.68,3.1221076294419072,63.64,51,1.682632414103584,FET,R:18_L:100_F:200_A:25_M:3.0
21,150,200,5,4.0,206.66,3.11670955555059,66.31,45,1.646901566755847,FET,R:21_L:150_F:200_A:5_M:4.0
5,80,100,20,4.0,119.77,3.1149641984647056,38.45,47,1.5585667369435043,BNB,R:5_L:80_F:100_A:20_M:4.0
21,100,250,25,4.0,198.71,3.111207259078962,63.87,42,1.7043075657261908,FET,R:21_L:100_F:250_A:25_M:4.0
5,80,100,25,4.0,119.53,3.1086250520499066,38.45,47,1.556519993047245,BNB,R:5_L:80_F:100_A:25_M:4.0
5,80,100,30,4.0,119.49,3.1075251077260195,38.45,47,1.556163799424434,BNB,R:5_L:80_F:100_A:30_M:4.0
15,150,250,14,5.0,202.38,3.1073481430721053,65.13,43,1.6969026612537537,FET,R:15_L:150_F:250_A:14_M:5.0
21,150,250,7,6.0,200.43,3.1057999912143264,64.53,39,1.6824951927837228,FET,R:21_L:150_F:250_A:7_M:6.0
21,150,250,5,6.0,200.43,3.1057999912143264,64.53,39,1.6824951927837228,FET,R:21_L:150_F:250_A:5_M:6.0
5,80,100,7,4.0,119.29,3.1023628758134136,38.45,47,1.554488116404363,BNB,R:5_L:80_F:100_A:7_M:4.0
5,80,100,10,3.0,119.24,3.1010414778899773,38.45,47,1.554755623084314,BNB,R:5_L:80_F:100_A:10_M:3.0
5,80,100,20,5.0,119.21,3.1002098545613284,38.45,47,1.5537873327844354,BNB,R:5_L:80_F:100_A:20_M:5.0
21,150,250,20,6.0,200.3,3.0991413870234514,64.63,39,1.6820841212903168,FET,R:21_L:150_F:250_A:20_M:6.0
5,80,100,14,4.0,119.14,3.0984712477113625,38.45,47,1.5537204575656405,BNB,R:5_L:80_F:100_A:14_M:4.0
5,80,100,10,4.0,118.96,3.0938433204412283,38.45,47,1.5522363031057522,BNB,R:5_L:80_F:100_A:10_M:4.0
21,100,250,30,5.0,194.73,3.086207439418135,63.1,42,1.6865955746519343,FET,R:21_L:100_F:250_A:30_M:5.0
15,150,250,7,5.0,202.31,3.084096937223295,65.6,43,1.6968636820736314,FET,R:15_L:150_F:250_A:7_M:5.0
15,150,250,5,4.0,202.18,3.082167063170897,65.6,43,1.6958586784922818,FET,R:15_L:150_F:250_A:5_M:4.0
18,100,200,7,3.0,193.0,3.0799969002180085,62.66,51,1.658838628764956,FET,R:18_L:100_F:200_A:7_M:3.0
5,80,100,20,2.5,118.39,3.079097667442906,38.45,47,1.549076396960697,BNB,R:5_L:80_F:100_A:20_M:2.5
15,150,250,5,5.0,201.87,3.0773755150228426,65.6,43,1.6950446807457515,FET,R:15_L:150_F:250_A:5_M:5.0
21,150,250,14,5.0,198.59,3.0768414105476145,64.54,39,1.6753372699618805,FET,R:21_L:150_F:250_A:14_M:5.0
21,100,250,14,4.0,194.42,3.0727589868426564,63.27,42,1.6853660994062971,FET,R:21_L:100_F:250_A:14_M:4.0
21,150,250,5,3.0,202.02,3.0722582295054823,65.76,39,1.6931570681118409,FET,R:21_L:150_F:250_A:5_M:3.0
21,100,250,25,5.0,193.84,3.0721654743294926,63.1,42,1.6826929140310467,FET,R:21_L:100_F:250_A:25_M:5.0
5,80,100,25,2.5,118.08,3.071003580397096,38.45,47,1.5451726349072834,BNB,R:5_L:80_F:100_A:25_M:2.5
21,100,250,10,4.0,191.92,3.069242245237421,62.53,42,1.674043540092928,FET,R:21_L:100_F:250_A:10_M:4.0
18,100,200,20,3.0,200.96,3.0690448092653444,65.48,51,1.6921641615968803,FET,R:18_L:100_F:200_A:20_M:3.0
21,100,250,5,3.0,195.26,3.068064772700748,63.64,42,1.689684961124418,FET,R:21_L:100_F:250_A:5_M:3.0
21,100,250,20,5.0,193.43,3.065580022551932,63.1,42,1.6808534037122584,FET,R:21_L:100_F:250_A:20_M:5.0
18,120,200,20,4.0,178.72,3.0607279338859503,58.39,50,1.5860057975850888,FET,R:18_L:120_F:200_A:20_M:4.0
14,150,250,30,5.0,215.52,3.0606061674880984,70.42,40,1.7542324800241718,FET,R:14_L:150_F:250_A:30_M:5.0
21,100,250,14,5.0,193.07,3.0599908179290627,63.1,42,1.6797745686095975,FET,R:21_L:100_F:250_A:14_M:5.0
18,120,200,5,3.0,175.56,3.0595966605529683,57.38,50,1.5759625792954035,FET,R:18_L:120_F:200_A:5_M:3.0
15,150,250,7,6.0,200.66,3.0590650509954798,65.6,43,1.6901048845029,FET,R:15_L:150_F:250_A:7_M:6.0
5,80,100,30,3.0,117.51,3.056226724905912,38.45,47,1.5418783686618798,BNB,R:5_L:80_F:100_A:30_M:3.0
18,100,200,10,3.0,193.36,3.0519859115895693,63.36,51,1.661526640838015,FET,R:18_L:100_F:200_A:10_M:3.0
18,100,200,5,3.0,187.26,3.0515303015565984,61.36,51,1.6343895258407697,FET,R:18_L:100_F:200_A:5_M:3.0
15,150,250,5,6.0,200.13,3.050861021626589,65.6,43,1.6878580487090489,FET,R:15_L:150_F:250_A:5_M:6.0
21,150,200,10,5.0,204.17,3.049583159437745,66.95,45,1.6373373625903132,FET,R:21_L:150_F:200_A:10_M:5.0
15,150,250,10,4.0,202.2,3.048559894967949,66.33,43,1.696629025474417,FET,R:15_L:150_F:250_A:10_M:4.0
14,150,250,25,5.0,214.65,3.0482643486155325,70.42,40,1.7510537100731918,FET,R:14_L:150_F:250_A:25_M:5.0
5,80,100,5,2.0,117.83,3.048061636809604,38.66,47,1.5436611704338796,BNB,R:5_L:80_F:100_A:5_M:2.0
21,150,200,14,6.0,202.33,3.0472125591999126,66.4,45,1.6304028168500662,FET,R:21_L:150_F:200_A:14_M:6.0
18,100,200,30,5.0,189.49,3.04219538567114,62.29,51,1.6438772506623598,FET,R:18_L:100_F:200_A:30_M:5.0
5,80,100,14,3.0,116.82,3.038181202026247,38.45,47,1.5364821216034776,BNB,R:5_L:80_F:100_A:14_M:3.0
15,150,250,10,6.0,199.4,3.0373018180118136,65.65,43,1.684839666623809,FET,R:15_L:150_F:250_A:10_M:6.0
5,80,100,20,3.0,116.74,3.0361894224990222,38.45,47,1.5360241622697484,BNB,R:5_L:80_F:100_A:20_M:3.0
18,100,200,20,5.0,189.63,3.0301468923868637,62.58,51,1.6447156043394562,FET,R:18_L:100_F:200_A:20_M:5.0
5,80,100,25,3.0,116.5,3.0298196601339837,38.45,47,1.5340908082525508,BNB,R:5_L:80_F:100_A:25_M:3.0
21,100,250,25,6.0,191.08,3.028395516237012,63.1,42,1.6711493624356415,FET,R:21_L:100_F:250_A:25_M:6.0
21,100,250,30,6.0,190.91,3.0256591971410254,63.1,42,1.6702880890373994,FET,R:21_L:100_F:250_A:30_M:6.0
21,100,250,20,6.0,190.9,3.025580929025558,63.1,42,1.6703568029190352,FET,R:21_L:100_F:250_A:20_M:6.0
21,150,250,10,4.0,194.76,3.021010240389589,64.47,39,1.659143542359795,FET,R:21_L:150_F:250_A:10_M:4.0
5,80,100,30,2.5,116.14,3.020551796930361,38.45,47,1.5313790733894634,BNB,R:5_L:80_F:100_A:30_M:2.5
21,150,200,7,4.0,201.67,3.018454470706601,66.81,45,1.6277385152396149,FET,R:21_L:150_F:200_A:7_M:4.0
14,150,250,30,6.0,212.17,3.01312029063621,70.42,40,1.7414697565125747,FET,R:14_L:150_F:250_A:30_M:6.0
18,120,200,25,5.0,175.84,3.009375718288943,58.43,50,1.5727751013691211,FET,R:18_L:120_F:200_A:25_M:5.0
18,100,200,25,5.0,187.93,3.007813771876846,62.48,51,1.638167008029098,FET,R:18_L:100_F:200_A:25_M:5.0
21,100,250,30,4.0,195.27,3.0067446453217888,64.95,42,1.6912769935670335,FET,R:21_L:100_F:250_A:30_M:4.0
14,150,250,20,5.0,211.7,3.0063801814344577,70.42,40,1.739290111971736,FET,R:14_L:150_F:250_A:20_M:5.0
21,100,250,7,3.0,182.76,3.005689056619433,60.8,42,1.652416856294764,FET,R:21_L:100_F:250_A:7_M:3.0
18,120,200,30,5.0,176.31,3.002900419213417,58.71,50,1.5757526524851102,FET,R:18_L:120_F:200_A:30_M:5.0
15,150,250,14,6.0,199.0,3.001111112049681,66.31,43,1.6829455683402774,FET,R:15_L:150_F:250_A:14_M:6.0
14,150,250,25,6.0,211.11,2.9980800538278927,70.42,40,1.737305633901138,FET,R:14_L:150_F:250_A:25_M:6.0
18,100,200,14,5.0,188.86,2.9942523152648084,63.07,51,1.6407452074242022,FET,R:18_L:100_F:200_A:14_M:5.0
18,100,200,30,6.0,188.6,2.99311576647812,63.01,51,1.639902232159594,FET,R:18_L:100_F:200_A:30_M:6.0
15,150,250,10,5.0,199.69,2.9920212216677102,66.74,43,1.6857945938618315,FET,R:15_L:150_F:250_A:10_M:5.0
14,150,250,20,6.0,210.45,2.9886443849808475,70.42,40,1.734670281643535,FET,R:14_L:150_F:250_A:20_M:6.0
14,150,250,14,5.0,210.33,2.986942176496608,70.42,40,1.734049618713884,FET,R:14_L:150_F:250_A:14_M:5.0
18,120,200,14,4.0,176.8,2.9817537683971658,59.29,50,1.5776485686354706,FET,R:18_L:120_F:200_A:14_M:4.0
21,150,200,7,5.0,203.17,2.981422050690658,68.14,45,1.6328466077959731,FET,R:21_L:150_F:200_A:7_M:5.0
21,150,250,14,6.0,197.91,2.9806756414901425,66.4,39,1.6721146672236156,FET,R:21_L:150_F:250_A:14_M:6.0
18,120,200,14,2.5,163.57,2.9801300106198974,54.89,50,1.5465901918930185,FET,R:18_L:120_F:200_A:14_M:2.5
15,150,250,7,4.0,197.97,2.978263813447849,66.47,43,1.6786819404888935,FET,R:15_L:150_F:250_A:7_M:4.0
21,100,250,7,4.0,188.51,2.9751475640181178,63.36,42,1.6590953165234823,FET,R:21_L:100_F:250_A:7_M:4.0
5,80,100,5,2.5,116.86,2.973638330259865,39.3,47,1.5364235726895477,BNB,R:5_L:80_F:100_A:5_M:2.5
21,100,250,14,6.0,189.38,2.969648819512569,63.77,42,1.6635615619977593,FET,R:21_L:100_F:250_A:14_M:6.0
21,100,250,10,6.0,189.3,2.965884646666306,63.83,42,1.662928140985576,FET,R:21_L:100_F:250_A:10_M:6.0
15,150,250,5,3.0,198.06,2.9632917458877728,66.84,43,1.6825298164720488,FET,R:15_L:150_F:250_A:5_M:3.0
14,150,250,7,5.0,208.35,2.958755189127761,70.42,40,1.7264578758584377,FET,R:14_L:150_F:250_A:7_M:5.0
18,100,200,25,6.0,187.09,2.958441717634748,63.24,51,1.633447973605975,FET,R:18_L:100_F:200_A:25_M:6.0
18,100,200,5,2.5,179.57,2.958253299462997,60.7,51,1.6171819360086184,FET,R:18_L:100_F:200_A:5_M:2.5
21,150,200,5,5.0,201.69,2.954293568545032,68.27,45,1.6275211065469504,FET,R:21_L:150_F:200_A:5_M:5.0
18,120,200,14,5.0,171.34,2.953335969851412,58.01,50,1.552992441116029,FET,R:18_L:120_F:200_A:14_M:5.0
21,150,250,5,4.0,195.73,2.9519416400907152,66.31,39,1.6639792355072331,FET,R:21_L:150_F:250_A:5_M:4.0
14,150,250,5,5.0,207.74,2.950168521097206,70.42,40,1.7239918499092497,FET,R:14_L:150_F:250_A:5_M:5.0
14,150,250,7,6.0,207.56,2.947664385489939,70.42,40,1.7232694167483449,FET,R:14_L:150_F:250_A:7_M:6.0
21,100,250,10,5.0,188.16,2.9448853040791163,63.9,42,1.6584493404659912,FET,R:21_L:100_F:250_A:10_M:5.0
5,80,100,7,2.5,115.36,2.943832524929987,39.19,47,1.525069846954329,BNB,R:5_L:80_F:100_A:7_M:2.5
5,80,100,7,3.0,116.48,2.925967104426023,39.81,47,1.5333151305753197,BNB,R:5_L:80_F:100_A:7_M:3.0
5,80,100,10,2.5,115.66,2.907532949109725,39.78,47,1.5273663962465511,BNB,R:5_L:80_F:100_A:10_M:2.5
5,80,100,14,2.5,116.32,2.892464513252879,40.21,47,1.532502913397063,BNB,R:5_L:80_F:100_A:14_M:2.5
5,80,100,5,3.0,115.28,2.886250783750385,39.94,47,1.5234466541503071,BNB,R:5_L:80_F:100_A:5_M:3.0
5,80,150,30,6.0,110.04,2.8619234677763936,38.45,36,1.5349244281525598,BNB,R:5_L:80_F:150_A:30_M:6.0
5,80,150,5,6.0,110.04,2.8619234677763936,38.45,36,1.5349244281525598,BNB,R:5_L:80_F:150_A:5_M:6.0
5,80,150,10,5.0,110.04,2.8619234677763936,38.45,36,1.5349244281525598,BNB,R:5_L:80_F:150_A:10_M:5.0
5,80,150,30,5.0,110.04,2.8619234677763936,38.45,36,1.5349244281525598,BNB,R:5_L:80_F:150_A:30_M:5.0
5,80,150,5,5.0,110.04,2.8619234677763936,38.45,36,1.5349244281525598,BNB,R:5_L:80_F:150_A:5_M:5.0
5,80,150,20,6.0,110.04,2.8619234677763936,38.45,36,1.5349244281525598,BNB,R:5_L:80_F:150_A:20_M:6.0
5,80,150,14,6.0,110.04,2.8619234677763936,38.45,36,1.5349244281525598,BNB,R:5_L:80_F:150_A:14_M:6.0
5,80,150,10,6.0,110.04,2.8619234677763936,38.45,36,1.5349244281525598,BNB,R:5_L:80_F:150_A:10_M:6.0
5,80,150,7,5.0,110.04,2.8619234677763936,38.45,36,1.5349244281525598,BNB,R:5_L:80_F:150_A:7_M:5.0
5,80,150,14,5.0,110.04,2.8619234677763936,38.45,36,1.5349244281525598,BNB,R:5_L:80_F:150_A:14_M:5.0
5,80,150,5,4.0,110.04,2.8619234677763936,38.45,36,1.5349244281525598,BNB,R:5_L:80_F:150_A:5_M:4.0
5,80,150,25,6.0,110.04,2.8619234677763936,38.45,36,1.5349244281525598,BNB,R:5_L:80_F:150_A:25_M:6.0
5,80,150,25,5.0,110.04,2.8619234677763936,38.45,36,1.5349244281525598,BNB,R:5_L:80_F:150_A:25_M:5.0
5,80,150,7,6.0,110.04,2.8619234677763936,38.45,36,1.5349244281525598,BNB,R:5_L:80_F:150_A:7_M:6.0
7,100,50,7,6.0,119.62,2.8293435406871263,42.28,40,1.5298543357758303,BNB,R:7_L:100_F:50_A:7_M:6.0
7,100,50,14,6.0,119.62,2.8293435406871263,42.28,40,1.5298543357758303,BNB,R:7_L:100_F:50_A:14_M:6.0
7,100,50,20,6.0,119.62,2.8293435406871263,42.28,40,1.5298543357758303,BNB,R:7_L:100_F:50_A:20_M:6.0
7,100,50,5,5.0,119.62,2.8293435406871263,42.28,40,1.5298543357758303,BNB,R:7_L:100_F:50_A:5_M:5.0
7,100,50,10,6.0,119.62,2.8293435406871263,42.28,40,1.5298543357758303,BNB,R:7_L:100_F:50_A:10_M:6.0
7,100,50,5,6.0,119.62,2.8293435406871263,42.28,40,1.5298543357758303,BNB,R:7_L:100_F:50_A:5_M:6.0
7,100,50,7,5.0,119.62,2.8293435406871263,42.28,40,1.5298543357758303,BNB,R:7_L:100_F:50_A:7_M:5.0
7,100,50,30,6.0,119.62,2.8293435406871263,42.28,40,1.5298543357758303,BNB,R:7_L:100_F:50_A:30_M:6.0
5,80,100,7,2.0,116.72,2.823004762812964,41.34,47,1.5351462500099071,BNB,R:5_L:80_F:100_A:7_M:2.0
10,80,50,5,5.0,117.58,2.8155496319737123,41.76,45,1.5084424328747144,BNB,R:10_L:80_F:50_A:5_M:5.0
7,100,50,25,5.0,117.71,2.7842187391939306,42.28,40,1.516409383594271,BNB,R:7_L:100_F:50_A:25_M:5.0
7,100,50,20,5.0,117.63,2.782431296927021,42.28,40,1.5157998531110244,BNB,R:7_L:100_F:50_A:20_M:5.0
7,100,50,20,4.0,117.6,2.781571905070561,42.28,40,1.5157020468096098,BNB,R:7_L:100_F:50_A:20_M:4.0
10,80,50,5,3.0,117.03,2.7788548631828114,42.11,45,1.504834982710193,BNB,R:10_L:80_F:50_A:5_M:3.0
5,80,150,20,4.0,106.81,2.7779406694779043,38.45,36,1.5083670365033652,BNB,R:5_L:80_F:150_A:20_M:4.0
7,100,50,30,5.0,117.38,2.776422845459893,42.28,40,1.5137444059384944,BNB,R:7_L:100_F:50_A:30_M:5.0
7,100,50,14,4.0,117.38,2.776400157493199,42.28,40,1.513947794134895,BNB,R:7_L:100_F:50_A:14_M:4.0
7,100,50,14,5.0,117.34,2.775397908964835,42.28,40,1.5133928072053326,BNB,R:7_L:100_F:50_A:14_M:5.0
7,100,50,10,5.0,117.33,2.775118168037966,42.28,40,1.5132967954392866,BNB,R:7_L:100_F:50_A:10_M:5.0
7,100,50,10,4.0,117.3,2.7744233091509263,42.28,40,1.5132967404476247,BNB,R:7_L:100_F:50_A:10_M:4.0
5,80,150,25,4.0,106.58,2.7719753085198904,38.45,36,1.5061966197250871,BNB,R:5_L:80_F:150_A:25_M:4.0
7,100,50,7,3.0,117.18,2.771772501677328,42.28,40,1.5127381112977971,BNB,R:7_L:100_F:50_A:7_M:3.0
5,80,150,30,4.0,106.54,2.770940222011968,38.45,36,1.5058188778369097,BNB,R:5_L:80_F:150_A:30_M:4.0
7,100,50,25,6.0,117.13,2.770500462282245,42.28,40,1.511708993371471,BNB,R:7_L:100_F:50_A:25_M:6.0
5,80,150,7,4.0,106.36,2.7660823792216878,38.45,36,1.5040417284080494,BNB,R:5_L:80_F:150_A:7_M:4.0
5,80,150,20,5.0,106.28,2.7640563100826343,38.45,36,1.5032984668685891,BNB,R:5_L:80_F:150_A:20_M:5.0
5,80,150,10,3.0,106.25,2.7632064455170067,38.45,36,1.5038218678638329,BNB,R:5_L:80_F:150_A:10_M:3.0
5,80,150,14,4.0,106.22,2.7624202195515952,38.45,36,1.503246162272775,BNB,R:5_L:80_F:150_A:14_M:4.0
10,80,50,20,3.0,114.95,2.759604264711814,41.65,45,1.4900995865781974,BNB,R:10_L:80_F:50_A:20_M:3.0
5,80,150,10,4.0,106.05,2.7580651763253767,38.45,36,1.5016729566296088,BNB,R:5_L:80_F:150_A:10_M:4.0
10,80,50,20,4.0,114.96,2.754744264469016,41.73,45,1.4910770615268905,BNB,R:10_L:80_F:50_A:20_M:4.0
5,80,150,5,2.0,105.83,2.752440338131718,38.45,36,1.5001598004132992,BNB,R:5_L:80_F:150_A:5_M:2.0
7,100,50,7,4.0,116.2,2.7485578634983594,42.28,40,1.504749969906138,BNB,R:7_L:100_F:50_A:7_M:4.0
7,100,50,5,4.0,116.02,2.744129740372744,42.28,40,1.5032432432116904,BNB,R:7_L:100_F:50_A:5_M:4.0
5,80,150,20,2.5,105.31,2.738809329188174,38.45,36,1.496632940793497,BNB,R:5_L:80_F:150_A:20_M:2.5
7,100,50,5,3.0,115.71,2.73697929990186,42.28,40,1.5018371542360238,BNB,R:7_L:100_F:50_A:5_M:3.0
5,80,150,25,2.5,105.1,2.7333902502960026,38.45,36,1.493157145923506,BNB,R:5_L:80_F:150_A:25_M:2.5
12,80,50,7,4.0,116.9,2.731577280047357,42.8,44,1.5018763649264395,BNB,R:12_L:80_F:50_A:7_M:4.0
10,80,50,14,4.0,115.16,2.731052428596663,42.17,45,1.4914663976268812,BNB,R:10_L:80_F:50_A:14_M:4.0
5,80,150,5,2.5,104.93,2.729061787306017,38.45,36,1.4921398388961646,BNB,R:5_L:80_F:150_A:5_M:2.5
5,80,150,30,3.0,104.69,2.722666629628951,38.45,36,1.4907593737250977,BNB,R:5_L:80_F:150_A:30_M:3.0
5,80,150,7,3.0,104.48,2.717356586413127,38.45,36,1.4882977262178103,BNB,R:5_L:80_F:150_A:7_M:3.0
5,80,150,7,2.0,104.43,2.715893371913757,38.45,36,1.487910217949126,BNB,R:5_L:80_F:150_A:7_M:2.0
5,80,150,30,2.5,104.34,2.713544148394884,38.45,36,1.4881248441735733,BNB,R:5_L:80_F:150_A:30_M:2.5
5,80,150,20,3.0,104.3,2.712472306558127,38.45,36,1.4874414964399385,BNB,R:5_L:80_F:150_A:20_M:3.0
5,80,150,25,3.0,104.17,2.709133963401648,38.45,36,1.486285618585237,BNB,R:5_L:80_F:150_A:25_M:3.0
10,80,50,5,6.0,116.83,2.7079966794393115,43.14,45,1.5029101776497888,BNB,R:10_L:80_F:50_A:5_M:6.0
12,80,50,5,4.0,117.02,2.707693533930565,43.22,44,1.5026371139286765,BNB,R:12_L:80_F:50_A:5_M:4.0
5,80,150,14,3.0,104.09,2.7070522375288517,38.45,36,1.4855062492248676,BNB,R:5_L:80_F:150_A:14_M:3.0
12,80,50,20,4.0,117.14,2.7013565130280472,43.36,44,1.505037156089097,BNB,R:12_L:80_F:50_A:20_M:4.0
12,150,200,30,1.0,113.18,2.6882179373279422,42.1,24,1.366044697206204,HBAR,R:12_L:150_F:200_A:30_M:1.0
5,100,50,7,1.5,82.69,2.6769624814290083,30.89,53,1.4565445826046812,ETH,R:5_L:100_F:50_A:7_M:1.5
12,150,200,25,1.0,112.03,2.6608679351865487,42.1,24,1.3585568998193411,HBAR,R:12_L:150_F:200_A:25_M:1.0
12,150,200,20,1.0,111.84,2.656329532011915,42.1,24,1.356898065612625,HBAR,R:12_L:150_F:200_A:20_M:1.0
12,80,50,10,1.5,82.82,2.6540711813847686,31.2,54,1.4300745434861375,ETH,R:12_L:80_F:50_A:10_M:1.5
12,80,100,10,1.5,74.44,2.652050325877831,28.07,48,1.3628064637055002,ETH,R:12_L:80_F:100_A:10_M:1.5
21,100,100,14,1.0,170.64,2.6481071408860397,64.44,34,1.373870690126234,HBAR,R:21_L:100_F:100_A:14_M:1.0
18,120,100,20,1.0,166.12,2.6068684758962557,63.72,31,1.35402378509578,HBAR,R:18_L:120_F:100_A:20_M:1.0
21,100,50,14,1.0,167.59,2.6007826328971446,64.44,35,1.362756834525645,HBAR,R:21_L:100_F:50_A:14_M:1.0
18,120,100,14,1.0,164.69,2.5845265672389752,63.72,31,1.349137133438196,HBAR,R:18_L:120_F:100_A:14_M:1.0
18,120,50,20,1.0,163.82,2.570806691684325,63.72,32,1.3456240352359548,HBAR,R:18_L:120_F:50_A:20_M:1.0
12,80,50,14,1.5,80.5,2.563161824762395,31.41,54,1.4219570969999622,ETH,R:12_L:80_F:50_A:14_M:1.5
12,150,200,5,1.0,110.5,2.5575767874656954,43.21,24,1.3491879263322268,HBAR,R:12_L:150_F:200_A:5_M:1.0
12,150,200,7,1.0,110.81,2.549854859863252,43.46,24,1.3512009481328082,HBAR,R:12_L:150_F:200_A:7_M:1.0
9,40,50,5,1.0,70.01,2.5490135940956207,27.47,86,1.350161466638134,ETH,R:9_L:40_F:50_A:5_M:1.0
18,120,50,14,1.0,162.31,2.5470958425750934,63.72,32,1.340359202480528,HBAR,R:18_L:120_F:50_A:14_M:1.0
12,150,200,14,1.0,109.77,2.5393482737299347,43.23,24,1.3440135803369049,HBAR,R:12_L:150_F:200_A:14_M:1.0
14,80,200,5,2.5,69.34,2.5250031982145247,27.46,45,1.6351651031032974,BTC,R:14_L:80_F:200_A:5_M:2.5
12,80,200,20,2.5,69.89,2.50818781875688,27.87,50,1.5849321789897477,BTC,R:12_L:80_F:200_A:20_M:2.5
14,80,200,20,2.5,68.68,2.5010131447490336,27.46,45,1.6111206235326911,BTC,R:14_L:80_F:200_A:20_M:2.5
7,40,50,5,1.0,70.03,2.4989124714035102,28.03,92,1.3655800160718583,ETH,R:7_L:40_F:50_A:5_M:1.0
12,80,200,10,2.5,69.02,2.498526373440518,27.63,50,1.5700656540615148,BTC,R:12_L:80_F:200_A:10_M:2.5
14,80,200,7,2.5,68.08,2.4791116263767647,27.46,45,1.6010049545603782,BTC,R:14_L:80_F:200_A:7_M:2.5
14,80,200,10,2.5,68.02,2.476957709139836,27.46,45,1.600645139500462,BTC,R:14_L:80_F:200_A:10_M:2.5
10,40,50,14,1.5,143.59,2.471860923649716,58.09,35,1.4194559225993424,INJ,R:10_L:40_F:50_A:14_M:1.5
14,80,200,25,2.5,68.17,2.469599471825474,27.6,45,1.601371330136055,BTC,R:14_L:80_F:200_A:25_M:2.5
12,40,50,5,1.5,154.26,2.468252947743742,62.5,38,1.4486997165295057,INJ,R:12_L:40_F:50_A:5_M:1.5
7,40,50,7,1.0,69.39,2.464815334095117,28.15,92,1.361436683722047,ETH,R:7_L:40_F:50_A:7_M:1.0
21,200,150,25,1.0,112.27,2.4538927496300795,45.75,19,1.3592360210987366,HBAR,R:21_L:200_F:150_A:25_M:1.0
12,150,200,5,1.5,111.15,2.4513062255532225,45.34,24,1.3248286916121124,HBAR,R:12_L:150_F:200_A:5_M:1.5
21,200,200,25,1.0,112.15,2.4512779715200885,45.75,19,1.3589767151246857,HBAR,R:21_L:200_F:200_A:25_M:1.0
14,80,200,30,2.5,67.82,2.4423497587462557,27.77,45,1.5965981261040705,BTC,R:14_L:80_F:200_A:30_M:2.5
8,80,200,14,2.0,71.38,2.441474804264868,29.24,57,1.641455699850146,BTC,R:8_L:80_F:200_A:14_M:2.0
21,200,200,20,1.0,111.2,2.4305302507739697,45.75,19,1.340549587380734,HBAR,R:21_L:200_F:200_A:20_M:1.0
21,200,150,20,1.0,111.18,2.4300717575174504,45.75,19,1.3399415980699616,HBAR,R:21_L:200_F:150_A:20_M:1.0
9,40,50,7,1.0,67.14,2.4257565809557398,27.68,86,1.3256225056104984,ETH,R:9_L:40_F:50_A:7_M:1.0
12,80,200,7,2.5,68.14,2.4204110732295505,28.15,50,1.5454833403218524,BTC,R:12_L:80_F:200_A:7_M:2.5
21,200,200,14,1.0,110.46,2.414481315358367,45.75,19,1.335308247240628,HBAR,R:21_L:200_F:200_A:14_M:1.0
8,80,200,30,2.0,70.11,2.413080752213635,29.05,57,1.619590256888328,BTC,R:8_L:80_F:200_A:30_M:2.0
18,30,50,5,3.0,146.79,2.4117402572232884,60.86,40,1.4065575461011022,INJ,R:18_L:30_F:50_A:5_M:3.0
21,200,150,14,1.0,110.27,2.4102944574072107,45.75,19,1.3340677517942956,HBAR,R:21_L:200_F:150_A:14_M:1.0
12,80,200,25,2.5,68.58,2.4097468846358154,28.46,50,1.554342582571747,BTC,R:12_L:80_F:200_A:25_M:2.5
18,120,200,20,1.0,113.38,2.4070562904273998,47.1,16,1.390133004182821,HBAR,R:18_L:120_F:200_A:20_M:1.0
18,120,200,5,1.0,110.72,2.403663029208361,46.06,16,1.371605431595164,HBAR,R:18_L:120_F:200_A:5_M:1.0
10,100,150,20,0.5,87.16,2.401083126981993,36.3,21,1.2965896678531947,HBAR,R:10_L:100_F:150_A:20_M:0.5
18,120,150,20,2.0,81.93,2.4005353618017007,34.13,43,1.6847244094738132,BTC,R:18_L:120_F:150_A:20_M:2.0
10,100,150,14,0.5,87.09,2.399230488888042,36.3,21,1.2959676155994466,HBAR,R:10_L:100_F:150_A:14_M:0.5
12,80,50,10,2.0,103.98,2.397776061334803,43.37,54,1.5568499423176487,ETH,R:12_L:80_F:50_A:10_M:2.0
8,80,200,25,2.0,70.26,2.395167469621779,29.33,57,1.625090722838483,BTC,R:8_L:80_F:200_A:25_M:2.0
14,80,200,5,3.0,65.77,2.394982843831535,27.46,45,1.5609408185879678,BTC,R:14_L:80_F:200_A:5_M:3.0
18,120,150,25,2.0,81.83,2.3946294865560467,34.17,43,1.6849351157693402,BTC,R:18_L:120_F:150_A:25_M:2.0
18,120,200,14,1.0,111.7,2.393387544573349,46.67,16,1.378733420224616,HBAR,R:18_L:120_F:200_A:14_M:1.0
12,80,50,7,2.0,103.72,2.391827121947616,43.37,54,1.554146922605344,ETH,R:12_L:80_F:50_A:7_M:2.0
21,100,100,20,1.0,154.19,2.389644423158831,64.53,34,1.3165010921465787,HBAR,R:21_L:100_F:100_A:20_M:1.0
12,80,200,5,2.5,68.13,2.3868874723307605,28.54,50,1.5456874881683376,BTC,R:12_L:80_F:200_A:5_M:2.5
12,150,50,30,1.0,151.99,2.3851145381130947,63.72,30,1.302122963815828,HBAR,R:12_L:150_F:50_A:30_M:1.0
10,100,150,10,0.5,86.47,2.3821052077927707,36.3,21,1.2909866565412125,HBAR,R:10_L:100_F:150_A:10_M:0.5
5,100,50,20,2.0,75.87,2.3739642895166924,31.96,53,1.361213120054054,ETH,R:5_L:100_F:50_A:20_M:2.0
18,120,150,30,2.0,81.76,2.372548689048648,34.46,43,1.6828826409764597,BTC,R:18_L:120_F:150_A:30_M:2.0
5,100,50,25,2.0,75.86,2.372468852626326,31.98,53,1.360919604667134,ETH,R:5_L:100_F:50_A:25_M:2.0
21,200,200,20,1.5,108.49,2.3713237433507084,45.75,19,1.3092365195685296,HBAR,R:21_L:200_F:200_A:20_M:1.5
21,200,150,20,1.5,108.47,2.3708487690796494,45.75,19,1.3075562992891057,HBAR,R:21_L:200_F:150_A:20_M:1.5
21,200,100,25,1.0,108.41,2.3696619042488978,45.75,20,1.334410836446032,HBAR,R:21_L:200_F:100_A:25_M:1.0
12,150,50,25,1.0,150.85,2.367193824972897,63.72,30,1.2977424776871151,HBAR,R:12_L:150_F:50_A:25_M:1.0
10,50,50,14,1.5,147.54,2.366947214221704,62.33,38,1.4091549808980637,INJ,R:10_L:50_F:50_A:14_M:1.5
10,100,150,7,0.5,86.08,2.3636758197077348,36.42,21,1.287336186415683,HBAR,R:10_L:100_F:150_A:7_M:0.5
12,150,200,10,1.0,107.75,2.3614493880976832,45.63,24,1.3310184786213894,HBAR,R:12_L:150_F:200_A:10_M:1.0
12,150,100,30,1.0,150.22,2.357325911509501,63.72,31,1.2953374488256153,HBAR,R:12_L:150_F:100_A:30_M:1.0
18,30,50,25,3.0,143.08,2.3533791926767167,60.8,40,1.392506235995652,INJ,R:18_L:30_F:50_A:25_M:3.0
18,120,200,10,1.0,109.55,2.347803178536534,46.66,16,1.3640778118352097,HBAR,R:18_L:120_F:200_A:10_M:1.0
21,100,50,20,1.0,151.43,2.346883730235281,64.53,35,1.3056837878959724,HBAR,R:21_L:100_F:50_A:20_M:1.0
18,120,100,5,1.0,149.5,2.346067240637937,63.72,31,1.2945355802254896,HBAR,R:18_L:120_F:100_A:5_M:1.0
18,120,150,20,1.0,122.29,2.3433471500181007,52.18,22,1.4381148607548258,HBAR,R:18_L:120_F:150_A:20_M:1.0
21,200,150,25,1.5,78.86,2.341222822179938,33.68,31,1.6169388270325922,BTC,R:21_L:200_F:150_A:25_M:1.5
12,150,100,25,1.0,149.08,2.339531132131976,63.72,31,1.290958719883859,HBAR,R:12_L:150_F:100_A:25_M:1.0
21,100,200,14,1.0,91.98,2.338972388405651,39.32,18,1.3181096048359753,HBAR,R:21_L:100_F:200_A:14_M:1.0
14,80,200,20,3.0,65.51,2.338272605786703,28.01,45,1.554004996584914,BTC,R:14_L:80_F:200_A:20_M:3.0
12,150,50,20,1.0,148.75,2.3342387325901144,63.72,30,1.2896331732369468,HBAR,R:12_L:150_F:50_A:20_M:1.0
21,200,100,20,1.0,106.7,2.3323548243881715,45.75,20,1.3115189336325588,HBAR,R:21_L:200_F:100_A:20_M:1.0
10,40,50,7,1.5,138.76,2.330749047169483,59.53,35,1.401864490789131,INJ,R:10_L:40_F:50_A:7_M:1.5
18,120,200,7,1.0,107.59,2.3305844216098697,46.17,16,1.350486766492165,HBAR,R:18_L:120_F:200_A:7_M:1.0
8,80,200,10,2.0,70.69,2.3303975147610365,30.33,57,1.6300794000010397,BTC,R:8_L:80_F:200_A:10_M:2.0
14,80,200,14,3.0,64.97,2.3296926669651072,27.89,45,1.5455988308321105,BTC,R:14_L:80_F:200_A:14_M:3.0
18,120,100,10,1.0,148.44,2.3294827855841342,63.72,31,1.2904992447260173,HBAR,R:18_L:120_F:100_A:10_M:1.0
21,100,100,10,1.0,150.37,2.327190376806275,64.62,34,1.3004849404428205,HBAR,R:21_L:100_F:100_A:10_M:1.0
21,200,200,25,1.5,78.32,2.3250752916409145,33.68,31,1.6090988580595729,BTC,R:21_L:200_F:200_A:25_M:1.5
12,80,200,10,2.0,63.85,2.325033758902803,27.46,50,1.5189268532312168,BTC,R:12_L:80_F:200_A:10_M:2.0
21,100,100,5,1.0,151.73,2.32450752554573,65.27,34,1.3058296078894729,HBAR,R:21_L:100_F:100_A:5_M:1.0
12,80,200,14,3.0,66.25,2.32325704376602,28.52,50,1.5117178052526816,BTC,R:12_L:80_F:200_A:14_M:3.0
18,120,100,30,1.5,147.62,2.3165171068904216,63.72,31,1.2838729560385995,HBAR,R:18_L:120_F:100_A:30_M:1.5
18,120,100,5,1.5,147.59,2.3160407514119576,63.72,31,1.281142722817988,HBAR,R:18_L:120_F:100_A:5_M:1.5
18,120,100,25,1.5,147.31,2.31168875212497,63.72,31,1.282821522685495,HBAR,R:18_L:120_F:100_A:25_M:1.5
21,200,200,30,1.5,105.75,2.311583580431672,45.75,19,1.3047626938028103,HBAR,R:21_L:200_F:200_A:30_M:1.5
18,120,150,14,1.0,120.05,2.311407073718244,51.94,22,1.4238093460152466,HBAR,R:18_L:120_F:150_A:14_M:1.0
15,200,150,25,1.5,79.77,2.3077210123134955,34.56,35,1.6518849046735993,BTC,R:15_L:200_F:150_A:25_M:1.5
12,150,100,20,1.0,147.0,2.306807624215198,63.72,31,1.2828532651675395,HBAR,R:12_L:150_F:100_A:20_M:1.0
18,120,50,5,1.0,146.86,2.30464094628849,63.72,32,1.2841438257200275,HBAR,R:18_L:120_F:50_A:5_M:1.0
8,80,200,7,2.0,70.13,2.303688857565182,30.44,57,1.6219568971028586,BTC,R:8_L:80_F:200_A:7_M:2.0
21,200,200,30,2.0,105.15,2.2983584807634334,45.75,19,1.2874640362744143,HBAR,R:21_L:200_F:200_A:30_M:2.0
21,100,100,7,1.0,150.18,2.295515487193248,65.43,34,1.29977887241221,HBAR,R:21_L:100_F:100_A:7_M:1.0
18,120,100,7,1.0,146.27,2.295455088208746,63.72,31,1.2818919232215118,HBAR,R:18_L:120_F:100_A:7_M:1.0
12,80,200,20,3.0,66.07,2.293609859716952,28.81,50,1.5094205059746888,BTC,R:12_L:80_F:200_A:20_M:3.0
18,120,50,10,1.0,146.11,2.2928251060936997,63.72,32,1.2812682263958486,HBAR,R:18_L:120_F:50_A:10_M:1.0
21,200,150,20,1.5,78.58,2.292651602273005,34.28,31,1.6128836616454938,BTC,R:21_L:200_F:150_A:20_M:1.5
12,40,50,20,2.0,146.17,2.2887678258799578,63.87,38,1.3990685212967082,INJ,R:12_L:40_F:50_A:20_M:2.0
14,80,200,10,3.0,63.9,2.288298843027493,27.93,45,1.5269134760284508,BTC,R:14_L:80_F:200_A:10_M:3.0
12,40,50,25,2.0,147.37,2.288156783401698,64.41,38,1.4043401274167082,INJ,R:12_L:40_F:50_A:25_M:2.0
10,100,150,5,0.5,85.03,2.287732609521348,37.17,21,1.277546818247206,HBAR,R:10_L:100_F:150_A:5_M:0.5
21,200,100,14,1.0,104.66,2.2877198176935734,45.75,20,1.2980187787492827,HBAR,R:21_L:200_F:100_A:14_M:1.0
18,120,100,20,1.5,145.75,2.2872227240515888,63.72,31,1.276652802477236,HBAR,R:18_L:120_F:100_A:20_M:1.5
15,200,100,25,1.5,79.03,2.286538131968721,34.56,36,1.6411875433380745,BTC,R:15_L:200_F:100_A:25_M:1.5
21,100,50,5,1.0,149.22,2.28609445568809,65.27,35,1.2959375078940858,HBAR,R:21_L:100_F:50_A:5_M:1.0
21,80,250,30,0.5,71.5,2.279729811452191,31.36,15,1.4301849229094474,IMX,R:21_L:80_F:250_A:30_M:0.5
21,100,50,10,1.0,147.18,2.277750495932629,64.62,35,1.287813292628566,HBAR,R:21_L:100_F:50_A:10_M:1.0
21,200,200,20,1.5,78.04,2.276840886996763,34.28,31,1.605064066736763,BTC,R:21_L:200_F:200_A:20_M:1.5
21,200,150,10,1.5,76.2,2.274419280032377,33.5,32,1.595600179105913,BTC,R:21_L:200_F:150_A:10_M:1.5
12,150,50,30,1.5,144.73,2.271289862072553,63.72,30,1.271007775104672,HBAR,R:12_L:150_F:50_A:30_M:1.5
18,120,150,5,1.0,117.72,2.2698928682548605,51.86,22,1.40843105933742,HBAR,R:18_L:120_F:150_A:5_M:1.0
14,80,200,14,2.0,62.33,2.2698243509981766,27.46,45,1.5506668556271253,BTC,R:14_L:80_F:200_A:14_M:2.0
15,200,50,25,1.5,78.45,2.269554552554743,34.56,37,1.631330008736288,BTC,R:15_L:200_F:50_A:25_M:1.5
5,100,50,7,2.0,74.9,2.26858998661573,33.01,53,1.34745245877486,ETH,R:5_L:100_F:50_A:7_M:2.0
12,150,200,30,1.5,111.69,2.266825748652982,49.27,24,1.3422400277174866,HBAR,R:12_L:150_F:200_A:30_M:1.5
21,80,250,25,0.5,71.36,2.26612140108804,31.49,15,1.4282531608984672,IMX,R:21_L:80_F:250_A:25_M:0.5
12,40,50,14,2.0,144.08,2.265385320140308,63.6,38,1.390156479185929,INJ,R:12_L:40_F:50_A:14_M:2.0
12,150,50,14,1.0,144.3,2.2644923729271103,63.72,30,1.2720777701962114,HBAR,R:12_L:150_F:50_A:14_M:1.0
14,80,200,25,2.0,62.16,2.263700965412008,27.46,45,1.547837204635504,BTC,R:14_L:80_F:200_A:25_M:2.0
21,200,50,25,1.5,81.65,2.263184739417368,36.08,35,1.6441774966651024,BTC,R:21_L:200_F:50_A:25_M:1.5
15,20,150,14,2.5,70.88,2.2626005851334816,31.33,114,1.4105616487003465,ETH,R:15_L:20_F:150_A:14_M:2.5
18,20,100,20,2.5,80.27,2.262392448594885,35.48,172,1.481165174385848,ETH,R:18_L:20_F:100_A:20_M:2.5
14,80,200,25,3.0,64.74,2.261451850498648,28.63,45,1.542904274122629,BTC,R:14_L:80_F:200_A:25_M:3.0
21,200,200,10,1.5,75.75,2.2610150685043204,33.5,32,1.5889597697494149,BTC,R:21_L:200_F:200_A:10_M:1.5
18,20,100,30,2.0,77.46,2.259820652061453,34.28,172,1.4506621187218436,ETH,R:18_L:20_F:100_A:30_M:2.0
14,80,200,7,3.0,64.04,2.2593331378231363,28.35,45,1.5293771805773215,BTC,R:14_L:80_F:200_A:7_M:3.0
18,120,50,7,1.0,143.86,2.2575865263092743,63.72,32,1.2722790136134796,HBAR,R:18_L:120_F:50_A:7_M:1.0
21,200,100,20,1.5,103.28,2.257445044576436,45.75,20,1.2750148111554749,HBAR,R:21_L:200_F:100_A:20_M:1.5
21,200,200,25,1.5,103.15,2.2546466995040886,45.75,19,1.2878715935438716,HBAR,R:21_L:200_F:200_A:25_M:1.5
18,20,50,7,1.5,80.76,2.254319444502233,35.83,191,1.443925343988593,ETH,R:18_L:20_F:50_A:7_M:1.5
10,100,50,7,2.0,87.07,2.252818222263766,38.65,50,1.4475942989482806,ETH,R:10_L:100_F:50_A:7_M:2.0
18,120,100,7,1.5,143.54,2.252605342401748,63.72,31,1.2678864641284389,HBAR,R:18_L:120_F:100_A:7_M:1.5
21,200,50,25,1.0,103.03,2.252048693368295,45.75,23,1.2975515678419414,HBAR,R:21_L:200_F:50_A:25_M:1.0
12,80,200,25,3.0,66.44,2.250828564110393,29.52,50,1.5171324483770852,BTC,R:12_L:80_F:200_A:25_M:3.0
12,150,50,7,1.0,143.43,2.2507611868054447,63.72,30,1.2686546024352463,HBAR,R:12_L:150_F:50_A:7_M:1.0
21,80,200,30,0.5,73.42,2.2503647402227203,32.63,14,1.4561853607352435,IMX,R:21_L:80_F:200_A:30_M:0.5
21,120,150,10,2.0,111.88,2.250308031775301,49.72,19,1.349624504130647,HBAR,R:21_L:120_F:150_A:10_M:2.0
21,100,50,7,1.0,147.1,2.248411174945192,65.43,35,1.2875462636102133,HBAR,R:21_L:100_F:50_A:7_M:1.0
12,150,50,25,1.5,143.25,2.2479459259144914,63.72,30,1.26525456450618,HBAR,R:12_L:150_F:50_A:25_M:1.5
18,120,100,14,1.5,143.21,2.2473128047220023,63.72,31,1.2666481930991698,HBAR,R:18_L:120_F:100_A:14_M:1.5
18,30,50,10,4.0,145.88,2.246969693766295,64.92,40,1.4010824806367397,INJ,R:18_L:30_F:50_A:10_M:4.0
21,40,50,7,6.0,163.54,2.246749100045657,72.79,27,1.4496497833493178,INJ,R:21_L:40_F:50_A:7_M:6.0
21,40,50,5,6.0,163.54,2.246749100045657,72.79,27,1.4496497833493178,INJ,R:21_L:40_F:50_A:5_M:6.0
21,80,250,5,0.5,70.87,2.245573016005124,31.56,15,1.423091362682093,IMX,R:21_L:80_F:250_A:5_M:0.5
12,150,200,7,1.5,99.29,2.245102773995623,44.23,24,1.271893854696166,HBAR,R:12_L:150_F:200_A:7_M:1.5
12,150,50,5,1.0,142.98,2.243697129664374,63.72,30,1.2668942313769516,HBAR,R:12_L:150_F:50_A:5_M:1.0
12,100,150,7,1.5,75.26,2.243491028660696,33.54,56,1.6267467512154743,BTC,R:12_L:100_F:150_A:7_M:1.5
18,120,150,10,1.0,117.12,2.2429447974418557,52.22,22,1.4056162943445951,HBAR,R:18_L:120_F:150_A:10_M:1.0
12,80,100,14,1.5,71.82,2.2378115454992096,32.09,48,1.3493761543958096,ETH,R:12_L:80_F:100_A:14_M:1.5
12,150,50,5,1.5,142.59,2.237696042516308,63.72,30,1.2600902878859963,HBAR,R:12_L:150_F:50_A:5_M:1.5
12,150,100,14,1.0,142.58,2.2375513913365674,63.72,31,1.2653133125643157,HBAR,R:12_L:150_F:100_A:14_M:1.0
21,120,150,5,2.0,109.74,2.2373140940597342,49.05,19,1.334884307189489,HBAR,R:21_L:120_F:150_A:5_M:2.0
12,80,200,5,3.0,66.26,2.2369522670843804,29.62,50,1.513223629654482,BTC,R:12_L:80_F:200_A:5_M:3.0
21,80,200,25,0.5,73.29,2.236398031606208,32.77,14,1.4543144969492958,IMX,R:21_L:80_F:200_A:25_M:0.5
21,80,250,20,0.5,71.02,2.236063246680539,31.76,15,1.4234819066497348,IMX,R:21_L:80_F:250_A:20_M:0.5
14,200,150,25,1.5,79.68,2.235994317200494,35.64,37,1.6481417235528968,BTC,R:14_L:200_F:150_A:25_M:1.5
12,150,150,30,1.0,142.47,2.235724339603784,63.72,32,1.26517485568523,HBAR,R:12_L:150_F:150_A:30_M:1.0
12,80,100,10,2.0,96.94,2.235466244917649,43.37,48,1.5196558895886971,ETH,R:12_L:80_F:100_A:10_M:2.0
12,150,100,30,1.5,142.27,2.23254364377,63.72,31,1.2614118627809336,HBAR,R:12_L:150_F:100_A:30_M:1.5
18,100,200,14,1.0,92.5,2.2308195443255574,41.46,15,1.312859638968632,HBAR,R:18_L:100_F:200_A:14_M:1.0
18,50,50,7,0.5,111.49,2.230511569950037,49.98,59,1.4030228330702856,HBAR,R:18_L:50_F:50_A:7_M:0.5
5,100,50,10,2.0,75.66,2.2291197621489167,33.94,53,1.3567160464329158,ETH,R:5_L:100_F:50_A:10_M:2.0
12,80,50,5,2.0,96.6,2.2275044954612904,43.37,54,1.5007491318335782,ETH,R:12_L:80_F:50_A:5_M:2.0
18,30,50,30,5.0,142.39,2.226601526063463,63.95,40,1.38557994796443,INJ,R:18_L:30_F:50_A:30_M:5.0
12,40,50,30,2.0,145.32,2.225571016161333,65.3,38,1.3955977553420107,INJ,R:12_L:40_F:50_A:30_M:2.0
12,150,100,7,1.0,141.72,2.2239166980230136,63.72,31,1.2618909391518287,HBAR,R:12_L:150_F:100_A:7_M:1.0
9,30,50,30,6.0,94.61,2.223696220762186,42.55,81,1.3231093050861322,XRP,R:9_L:30_F:50_A:30_M:6.0
18,30,50,14,6.0,142.1,2.2219793359993645,63.95,40,1.3834365363108845,INJ,R:18_L:30_F:50_A:14_M:6.0
12,150,200,25,1.5,110.62,2.2217892655808966,49.79,24,1.3352844727853452,HBAR,R:12_L:150_F:200_A:25_M:1.5
21,120,150,7,2.0,110.84,2.2211407185591705,49.9,19,1.341815646272982,HBAR,R:21_L:120_F:150_A:7_M:2.0
21,100,200,10,1.0,89.07,2.2199739216105123,40.12,18,1.2928494570480078,HBAR,R:21_L:100_F:200_A:10_M:1.0
12,150,100,5,1.0,141.27,2.216902281947484,63.72,31,1.2601316658005213,HBAR,R:12_L:150_F:100_A:5_M:1.0
21,100,200,7,1.0,89.38,2.216806912081088,40.32,18,1.2956040456678364,HBAR,R:21_L:100_F:200_A:7_M:1.0
12,80,200,30,3.0,65.54,2.216685871188712,29.57,50,1.4990819906768795,BTC,R:12_L:80_F:200_A:30_M:3.0
21,80,250,14,0.5,71.0,2.216279553028057,32.04,15,1.423224354450009,IMX,R:21_L:80_F:250_A:14_M:0.5
12,80,100,7,2.0,96.08,2.215510174686562,43.37,48,1.5102759862506676,ETH,R:12_L:80_F:100_A:7_M:2.0
12,150,150,25,1.0,141.17,2.215347040295117,63.72,32,1.2600047702162638,HBAR,R:12_L:150_F:150_A:25_M:1.0
18,120,50,5,1.5,143.69,2.215281253519588,64.86,32,1.2660137921377703,HBAR,R:18_L:120_F:50_A:5_M:1.5
21,200,50,20,1.0,101.26,2.2132908249377525,45.75,23,1.2749064748372585,HBAR,R:21_L:200_F:50_A:20_M:1.0
12,150,150,20,1.0,141.0,2.2127169553377684,63.72,32,1.259318686123973,HBAR,R:12_L:150_F:150_A:20_M:1.0
21,100,200,5,1.0,90.0,2.211691410774558,40.69,18,1.300590317553674,HBAR,R:21_L:100_F:200_A:5_M:1.0
14,80,200,30,3.0,63.73,2.210919911182183,28.83,45,1.521139813723896,BTC,R:14_L:80_F:200_A:30_M:3.0
12,150,100,25,1.5,140.76,2.208855748625884,63.72,31,1.2555119682206126,HBAR,R:12_L:150_F:100_A:25_M:1.5
12,150,100,5,1.5,140.64,2.207036530950079,63.72,31,1.2525336454208915,HBAR,R:12_L:150_F:100_A:5_M:1.5
18,20,50,5,1.5,75.95,2.206692283321644,34.42,191,1.387605045674828,ETH,R:18_L:20_F:50_A:5_M:1.5
9,30,50,25,6.0,94.43,2.206643098910556,42.79,81,1.321618529071832,XRP,R:9_L:30_F:50_A:25_M:6.0
10,40,50,5,1.5,137.95,2.2062788982796286,62.53,35,1.391338744768264,INJ,R:10_L:40_F:50_A:5_M:1.5
5,100,50,30,2.0,74.61,2.203886154589,33.86,53,1.346128406256743,ETH,R:5_L:100_F:50_A:30_M:2.0
12,80,200,14,2.5,60.86,2.203119709413828,27.62,50,1.4648100955818848,BTC,R:12_L:80_F:200_A:14_M:2.5
12,150,50,10,1.0,140.37,2.202735550748455,63.72,30,1.2564929622633791,HBAR,R:12_L:150_F:50_A:10_M:1.0
10,80,200,14,2.5,69.51,2.2011850780104387,31.58,54,1.5623967727157904,BTC,R:10_L:80_F:200_A:14_M:2.5
21,200,50,20,1.5,81.23,2.200452172485352,36.92,35,1.6381358628698062,BTC,R:21_L:200_F:50_A:20_M:1.5
18,30,50,10,3.0,136.44,2.200438837082777,62.01,40,1.3626044043287988,INJ,R:18_L:30_F:50_A:10_M:3.0
12,80,200,7,2.0,60.39,2.1990839115974303,27.46,51,1.4629679588906326,BTC,R:12_L:80_F:200_A:7_M:2.0
21,80,200,20,0.5,72.87,2.1988564135588726,33.14,14,1.4484911844824253,IMX,R:21_L:80_F:200_A:20_M:0.5
14,200,100,25,1.5,78.34,2.198475494162089,35.64,39,1.626952076399689,BTC,R:14_L:200_F:100_A:25_M:1.5
5,100,50,5,2.0,73.9,2.1980085673214367,33.62,53,1.3352677120478795,ETH,R:5_L:100_F:50_A:5_M:2.0
18,20,100,25,2.5,79.67,2.196535162184567,36.27,172,1.473389003594825,ETH,R:18_L:20_F:100_A:25_M:2.5
5,100,50,14,2.0,74.76,2.193861457977711,34.08,53,1.3481945111197045,ETH,R:5_L:100_F:50_A:14_M:2.0
10,80,200,20,2.5,69.18,2.1931271044675658,31.54,54,1.5560504369720105,BTC,R:10_L:80_F:200_A:20_M:2.5
12,80,50,14,2.5,95.01,2.190914273758773,43.37,54,1.4673568858926676,ETH,R:12_L:80_F:50_A:14_M:2.5
14,200,50,25,1.5,78.01,2.189188400729807,35.64,40,1.622263898604093,BTC,R:14_L:200_F:50_A:25_M:1.5
21,80,200,5,0.5,72.65,2.1883558213381207,33.2,14,1.447142218202229,IMX,R:21_L:80_F:200_A:5_M:0.5
18,20,50,30,2.0,87.26,2.1880934771538607,39.88,190,1.4767639994371748,ETH,R:18_L:20_F:50_A:30_M:2.0
21,50,150,5,1.0,60.06,2.187289886261924,27.46,69,1.6004057929037712,BTC,R:21_L:50_F:150_A:5_M:1.0
15,80,150,20,2.5,70.86,2.187013692650222,32.4,52,1.561732826678207,BTC,R:15_L:80_F:150_A:20_M:2.5
21,80,250,7,0.5,70.38,2.186194290094693,32.19,15,1.4165087183364176,IMX,R:21_L:80_F:250_A:7_M:0.5
14,80,50,7,2.0,94.73,2.184355345563467,43.37,52,1.4862820659542402,ETH,R:14_L:80_F:50_A:7_M:2.0
18,20,50,5,1.0,78.68,2.1839928682125795,36.03,191,1.4642374883709803,ETH,R:18_L:20_F:50_A:5_M:1.0
18,20,50,10,1.5,77.23,2.182334121828939,35.39,190,1.415480074123667,ETH,R:18_L:20_F:50_A:10_M:1.5
21,200,50,10,1.5,79.03,2.1815066478479963,36.23,36,1.6243763368970796,BTC,R:21_L:200_F:50_A:10_M:1.5
21,80,250,10,0.5,70.6,2.178917848022753,32.4,15,1.4199339289839663,IMX,R:21_L:80_F:250_A:10_M:0.5
12,20,50,7,1.0,72.48,2.176696268525222,33.3,120,1.459766100745807,ETH,R:12_L:20_F:50_A:7_M:1.0
12,80,50,10,2.5,94.35,2.175650972479202,43.37,54,1.4612070128164405,ETH,R:12_L:80_F:50_A:10_M:2.5
12,80,50,20,2.5,94.29,2.174272691434821,43.37,54,1.462381983970656,ETH,R:12_L:80_F:50_A:20_M:2.5
18,30,50,7,3.0,144.34,2.173310118407906,66.42,40,1.3965982564357833,INJ,R:18_L:30_F:50_A:7_M:3.0
12,40,100,25,2.0,61.99,2.172929112566108,28.53,60,1.2774602791342944,ETH,R:12_L:40_F:100_A:25_M:2.0
9,30,50,20,6.0,94.14,2.172482262002424,43.33,81,1.3192085084145926,XRP,R:9_L:30_F:50_A:20_M:6.0
18,20,100,10,2.5,75.68,2.170956704989585,34.86,172,1.4220367875519178,ETH,R:18_L:20_F:100_A:10_M:2.5
12,20,50,10,1.0,71.57,2.1702423720636115,32.98,120,1.449826183565975,ETH,R:12_L:20_F:50_A:10_M:1.0
18,50,200,14,1.5,59.87,2.1674748993276074,27.62,64,1.551909467905714,BTC,R:18_L:50_F:200_A:14_M:1.5
12,80,50,30,2.5,93.91,2.165606894218468,43.37,54,1.4581020948110683,ETH,R:12_L:80_F:50_A:30_M:2.5
12,80,50,25,2.5,93.9,2.165322647918924,43.37,54,1.4587168562855348,ETH,R:12_L:80_F:50_A:25_M:2.5
9,100,150,30,1.0,63.86,2.164032771250196,29.51,59,1.5361290121516376,BTC,R:9_L:100_F:150_A:30_M:1.0
21,40,50,5,5.0,160.58,2.163661257536627,74.21,27,1.4380945128464404,INJ,R:21_L:40_F:50_A:5_M:5.0
10,40,50,20,2.0,136.69,2.162618507958837,63.2,35,1.3746060627800352,INJ,R:10_L:40_F:50_A:20_M:2.0
10,80,50,5,1.0,69.9,2.161445965629171,32.34,59,1.3639336056519138,ETH,R:10_L:80_F:50_A:5_M:1.0
9,100,150,7,2.5,72.4,2.161406126092297,33.5,58,1.574464554052429,BTC,R:9_L:100_F:150_A:7_M:2.5
21,80,200,14,0.5,72.71,2.160561979327277,33.65,14,1.4461389873778483,IMX,R:21_L:80_F:200_A:14_M:0.5
10,40,50,10,1.5,136.19,2.159081934303488,63.08,35,1.393961892529456,INJ,R:10_L:40_F:50_A:10_M:1.5
21,50,50,14,3.0,135.6,2.158841253647388,62.81,27,1.3540842164748546,INJ,R:21_L:50_F:50_A:14_M:3.0
18,20,100,14,2.5,75.03,2.157534152314636,34.78,172,1.4144290882060897,ETH,R:18_L:20_F:100_A:14_M:2.5
18,20,50,7,2.5,82.32,2.1570473190592536,38.16,190,1.4172367452737966,ETH,R:18_L:20_F:50_A:7_M:2.5
18,30,50,20,3.0,137.87,2.156783895784196,63.93,40,1.3694298343764844,INJ,R:18_L:30_F:50_A:20_M:3.0
10,100,50,10,1.5,77.0,2.154953186545805,35.73,50,1.4030581687975383,ETH,R:10_L:100_F:50_A:10_M:1.5
12,80,200,10,3.0,65.1,2.154368794737583,30.22,50,1.49455811393587,BTC,R:12_L:80_F:200_A:10_M:3.0
10,100,50,7,1.5,76.74,2.150749587698459,35.68,50,1.3998400844618937,ETH,R:10_L:100_F:50_A:7_M:1.5
14,80,50,10,2.5,93.2,2.1490768661643807,43.37,52,1.453634851743829,ETH,R:14_L:80_F:50_A:10_M:2.5
18,30,50,10,6.0,139.03,2.148692254119645,64.7,40,1.3699216439115152,INJ,R:18_L:30_F:50_A:10_M:6.0
18,20,50,20,2.5,86.07,2.147782010954357,40.07,190,1.4570468077604657,ETH,R:18_L:20_F:50_A:20_M:2.5
21,200,150,14,1.5,75.17,2.146297120832555,35.02,32,1.5749122389288055,BTC,R:21_L:200_F:150_A:14_M:1.5
9,100,150,14,1.5,66.78,2.1461012436440985,31.12,58,1.5498596357416148,BTC,R:9_L:100_F:150_A:14_M:1.5
9,100,150,25,1.0,63.92,2.142241527081701,29.84,59,1.5370385261522328,BTC,R:9_L:100_F:150_A:25_M:1.0
14,80,50,30,2.5,92.88,2.141853878095475,43.37,52,1.4529500503647297,ETH,R:14_L:80_F:50_A:30_M:2.5
14,80,100,10,2.5,92.86,2.141380171082258,43.37,47,1.5057261791686072,ETH,R:14_L:80_F:100_A:10_M:2.5
9,30,50,14,6.0,93.96,2.140771483808467,43.89,81,1.31811006045748,XRP,R:9_L:30_F:50_A:14_M:6.0
18,40,50,25,1.0,113.37,2.14066217630682,52.96,30,1.3044090427166537,INJ,R:18_L:40_F:50_A:25_M:1.0
9,100,150,10,2.5,72.29,2.1406277791466404,33.77,58,1.571392515687159,BTC,R:9_L:100_F:150_A:10_M:2.5
21,200,100,25,1.5,77.23,2.1404643859315846,36.08,33,1.5936857538565203,BTC,R:21_L:200_F:100_A:25_M:1.5
14,80,50,20,2.5,92.81,2.1402778639916185,43.37,52,1.453098438431738,ETH,R:14_L:80_F:50_A:20_M:2.5
15,120,150,20,2.5,77.49,2.1393469474546487,36.22,48,1.6196403862994888,BTC,R:15_L:120_F:150_A:20_M:2.5
14,80,200,14,2.5,58.72,2.138446922095953,27.46,45,1.4733321819275391,BTC,R:14_L:80_F:200_A:14_M:2.5
18,20,100,5,2.0,71.25,2.138128798742664,33.32,172,1.3798473268056366,ETH,R:18_L:20_F:100_A:5_M:2.0
12,20,100,7,1.0,71.18,2.137556112795581,33.3,99,1.521130104644732,ETH,R:12_L:20_F:100_A:7_M:1.0
10,80,200,25,2.5,68.18,2.135830726378006,31.92,54,1.5395244535122212,BTC,R:10_L:80_F:200_A:25_M:2.5
14,80,100,7,2.0,92.59,2.135220499011999,43.37,47,1.5216701597831408,ETH,R:14_L:80_F:100_A:7_M:2.0
18,20,100,25,2.0,75.08,2.133962184562206,35.18,172,1.4251854463692717,ETH,R:18_L:20_F:100_A:25_M:2.0
18,30,50,25,6.0,138.62,2.132802447118915,64.99,40,1.3690549448513545,INJ,R:18_L:30_F:50_A:25_M:6.0
21,80,200,7,0.5,72.15,2.1327656261252823,33.83,14,1.4404773109201705,IMX,R:21_L:80_F:200_A:7_M:0.5
21,200,200,14,1.5,74.65,2.131298103919505,35.02,32,1.5671228590472892,BTC,R:21_L:200_F:200_A:14_M:1.5
9,100,150,20,1.0,64.17,2.130402827753412,30.12,59,1.535411155502168,BTC,R:9_L:100_F:150_A:20_M:1.0
10,120,50,14,1.5,78.18,2.1303185125240525,36.7,67,1.58974923440366,BTC,R:10_L:120_F:50_A:14_M:1.5
12,80,50,7,2.5,92.23,2.1267165386063205,43.37,54,1.4416348199878375,ETH,R:12_L:80_F:50_A:7_M:2.5
12,80,200,25,2.0,60.24,2.1264135293174857,28.33,50,1.4733775180329227,BTC,R:12_L:80_F:200_A:25_M:2.0
5,100,50,14,1.0,67.98,2.1239733112894275,32.01,91,1.53201388883268,BTC,R:5_L:100_F:50_A:14_M:1.0
12,80,200,30,2.0,59.97,2.1223228120236466,28.26,50,1.4662082228639426,BTC,R:12_L:80_F:200_A:30_M:2.0
18,30,50,7,6.0,138.32,2.121579959533743,65.2,40,1.3667777029040538,INJ,R:18_L:30_F:50_A:7_M:6.0
14,80,50,14,2.5,92.0,2.1214650886292907,43.37,52,1.4438676019825754,ETH,R:14_L:80_F:50_A:14_M:2.5
21,80,200,10,0.5,72.24,2.121213766080403,34.06,14,1.4420794838068245,IMX,R:21_L:80_F:200_A:10_M:0.5
15,20,150,5,2.5,72.11,2.120518739756529,34.01,114,1.4284607474146538,ETH,R:15_L:20_F:150_A:5_M:2.5
15,120,150,25,2.5,76.37,2.1191474506477914,36.04,48,1.602845046646739,BTC,R:15_L:120_F:150_A:25_M:2.5
10,40,50,30,2.0,133.6,2.118018901163281,63.08,35,1.3638131821187016,INJ,R:10_L:40_F:50_A:30_M:2.0
18,20,50,25,2.5,86.27,2.1179922649354164,40.73,190,1.4581025451261709,ETH,R:18_L:20_F:50_A:25_M:2.5
18,30,50,14,4.0,136.57,2.1178073985408785,64.49,40,1.3604337759067155,INJ,R:18_L:30_F:50_A:14_M:4.0
12,40,50,10,2.0,138.78,2.117357508884646,65.54,38,1.3670978521184045,INJ,R:12_L:40_F:50_A:10_M:2.0
15,200,150,20,1.5,73.67,2.115574323866118,34.82,35,1.5779504323326554,BTC,R:15_L:200_F:150_A:20_M:1.5
18,20,50,20,2.0,83.44,2.1145650985758557,39.46,190,1.439016340493215,ETH,R:18_L:20_F:50_A:20_M:2.0
14,80,200,5,4.0,60.15,2.114362873512515,28.45,45,1.4530800125313204,BTC,R:14_L:80_F:200_A:5_M:4.0
12,80,50,5,2.5,92.24,2.1125259078640988,43.66,54,1.4416212806951942,ETH,R:12_L:80_F:50_A:5_M:2.5
15,120,150,30,2.5,76.38,2.111547942325796,36.17,48,1.6030643531157074,BTC,R:15_L:120_F:150_A:30_M:2.5
7,80,100,10,2.0,87.84,2.1110464309467485,41.61,58,1.4301921437135958,ETH,R:7_L:80_F:100_A:10_M:2.0
8,80,200,5,2.0,68.58,2.110765468668733,32.49,57,1.5930204678198974,BTC,R:8_L:80_F:200_A:5_M:2.0
12,40,100,30,2.0,61.34,2.110156232467012,29.07,60,1.2673051475926145,ETH,R:12_L:40_F:100_A:30_M:2.0
12,80,200,10,4.0,63.91,2.109024999643665,30.3,50,1.4686768459686743,BTC,R:12_L:80_F:200_A:10_M:4.0
14,80,100,30,2.5,91.44,2.108538647381132,43.37,47,1.4927622391485302,ETH,R:14_L:80_F:100_A:30_M:2.5
18,30,50,20,5.0,139.83,2.1082869666208217,66.32,40,1.3743983640357622,INJ,R:18_L:30_F:50_A:20_M:5.0
18,20,50,25,2.0,84.4,2.106972829118473,40.06,190,1.4476968765955605,ETH,R:18_L:20_F:50_A:25_M:2.0
7,80,100,10,1.5,85.27,2.1068575489037755,40.47,59,1.4246362556487455,ETH,R:7_L:80_F:100_A:10_M:1.5
18,20,50,5,2.0,80.57,2.104991615041773,38.28,190,1.4108275554545084,ETH,R:18_L:20_F:50_A:5_M:2.0
18,30,50,25,5.0,140.18,2.10415440931876,66.62,40,1.375965129480477,INJ,R:18_L:30_F:50_A:25_M:5.0
14,80,100,20,2.5,91.21,2.1031723011325294,43.37,47,1.49127505284186,ETH,R:14_L:80_F:100_A:20_M:2.5
18,20,100,20,2.0,73.75,2.1031091416186984,35.07,172,1.4104038499795948,ETH,R:18_L:20_F:100_A:20_M:2.0
14,80,100,14,2.5,91.12,2.101231747476559,43.37,47,1.4904474652183286,ETH,R:14_L:80_F:100_A:14_M:2.5
15,200,100,20,1.5,73.11,2.099534544769837,34.82,36,1.5695323540471149,BTC,R:15_L:200_F:100_A:20_M:1.5
15,80,150,30,2.5,70.36,2.0990986605629107,33.52,52,1.5554683725045595,BTC,R:15_L:80_F:150_A:30_M:2.5
18,20,50,20,3.0,83.62,2.0971335856769806,39.88,190,1.4228346217449064,ETH,R:18_L:20_F:50_A:20_M:3.0
21,200,50,30,2.0,77.33,2.096774444844832,36.88,35,1.5823341856445046,BTC,R:21_L:200_F:50_A:30_M:2.0
18,30,50,20,6.0,137.61,2.0946330975842367,65.7,40,1.3645797040439496,INJ,R:18_L:30_F:50_A:20_M:6.0
7,80,100,7,2.0,87.04,2.094006115736409,41.57,58,1.422637086202126,ETH,R:7_L:80_F:100_A:7_M:2.0
12,20,50,5,1.5,72.39,2.09392403469002,34.57,120,1.3975280442149358,ETH,R:12_L:20_F:50_A:5_M:1.5
12,80,100,10,2.5,90.8,2.093842219679447,43.37,48,1.4556054256517648,ETH,R:12_L:80_F:100_A:10_M:2.5
21,200,150,30,2.0,74.4,2.093634458053257,35.54,31,1.55139166995794,BTC,R:21_L:200_F:150_A:30_M:2.0
12,20,50,7,1.5,71.86,2.0933655740628963,34.33,119,1.3894048712925156,ETH,R:12_L:20_F:50_A:7_M:1.5
14,80,200,20,2.0,57.46,2.092436784165137,27.46,45,1.4754070484853197,BTC,R:14_L:80_F:200_A:20_M:2.0
7,80,100,14,2.0,88.51,2.0921157196604647,42.31,58,1.4378151131678445,ETH,R:7_L:80_F:100_A:14_M:2.0
15,80,150,10,2.5,71.22,2.092062494351885,34.04,52,1.5691140866451334,BTC,R:15_L:80_F:150_A:10_M:2.5
7,80,100,7,1.5,84.57,2.09120725781616,40.44,59,1.417140731614927,ETH,R:7_L:80_F:100_A:7_M:1.5
18,30,50,14,3.0,135.93,2.0904944538504706,65.02,40,1.3608563562180018,INJ,R:18_L:30_F:50_A:14_M:3.0
21,50,150,20,1.0,57.36,2.0888947369318465,27.46,69,1.584855666090328,BTC,R:21_L:50_F:150_A:20_M:1.0
5,100,150,14,1.5,70.67,2.0885240625394643,33.84,74,1.5625000075939235,BTC,R:5_L:100_F:150_A:14_M:1.5
12,80,100,14,2.5,90.56,2.0882856396740426,43.37,48,1.4526002392376105,ETH,R:12_L:80_F:100_A:14_M:2.5
7,80,150,14,1.5,65.9,2.0868205027354847,31.58,71,1.533008576222703,BTC,R:7_L:80_F:150_A:14_M:1.5
21,200,200,30,2.0,74.1,2.085242777996021,35.54,31,1.5470068554176966,BTC,R:21_L:200_F:200_A:30_M:2.0
21,50,150,7,1.0,57.26,2.0851602645646388,27.46,69,1.5689835115593305,BTC,R:21_L:50_F:150_A:7_M:1.0
15,200,50,20,1.5,72.6,2.084932351304025,34.82,37,1.5606363725860108,BTC,R:15_L:200_F:50_A:20_M:1.5
10,40,50,25,2.0,131.53,2.0839933046995105,63.11,35,1.3539505265742138,INJ,R:10_L:40_F:50_A:25_M:2.0
8,100,100,10,1.5,90.37,2.08391196586861,43.37,57,1.4844789499879745,ETH,R:8_L:100_F:100_A:10_M:1.5
10,100,150,7,1.5,72.86,2.083210642957667,34.97,59,1.6100547367795603,BTC,R:10_L:100_F:150_A:7_M:1.5
18,20,50,7,1.0,74.81,2.083210410905833,35.91,191,1.4261023395132957,ETH,R:18_L:20_F:50_A:7_M:1.0
7,80,100,5,2.0,86.08,2.0824174730748,41.34,58,1.4098102979229818,ETH,R:7_L:80_F:100_A:5_M:2.0
5,100,50,20,1.0,67.41,2.082264573776743,32.37,91,1.5227429751607988,BTC,R:5_L:100_F:50_A:20_M:1.0
9,30,50,10,6.0,92.67,2.082075146886337,44.51,81,1.3073106832450438,XRP,R:9_L:30_F:50_A:10_M:6.0
21,200,100,20,1.5,76.85,2.0816550629345807,36.92,33,1.588086797725908,BTC,R:21_L:200_F:100_A:20_M:1.5
18,30,50,5,6.0,137.25,2.0814459997175567,65.94,40,1.3619781982229997,INJ,R:18_L:30_F:50_A:5_M:6.0
12,80,50,14,2.0,90.24,2.0809018894426714,43.37,54,1.442349667222184,ETH,R:12_L:80_F:50_A:14_M:2.0
10,80,200,10,2.5,68.33,2.080405264412065,32.84,54,1.54283423439053,BTC,R:10_L:80_F:200_A:10_M:2.5
18,20,50,20,1.0,75.54,2.080177868195647,36.31,191,1.4290960116179132,ETH,R:18_L:20_F:50_A:20_M:1.0
15,20,150,10,2.5,68.27,2.080030003502708,32.82,114,1.3744014861502707,ETH,R:15_L:20_F:150_A:10_M:2.5
18,30,50,7,4.0,134.5,2.0776572642511613,64.74,40,1.351394151392829,INJ,R:18_L:30_F:50_A:7_M:4.0
14,200,150,7,1.5,77.8,2.077527569501355,37.45,38,1.599183184736673,BTC,R:14_L:200_F:150_A:7_M:1.5
8,100,100,10,2.0,90.05,2.0765038241383844,43.37,57,1.4424374449999946,ETH,R:8_L:100_F:100_A:10_M:2.0
21,50,150,14,1.0,56.99,2.0755460613915475,27.46,69,1.5770542503210296,BTC,R:21_L:50_F:150_A:14_M:1.0
18,20,100,7,2.5,74.71,2.0754732985853304,35.99,172,1.4110454895852491,ETH,R:18_L:20_F:100_A:7_M:2.5
9,100,100,7,1.5,89.99,2.075170726085756,43.37,55,1.48083095193687,ETH,R:9_L:100_F:100_A:7_M:1.5
18,20,50,7,3.0,80.09,2.075159037194785,38.59,190,1.389166019614433,ETH,R:18_L:20_F:50_A:7_M:3.0
10,20,50,30,1.5,62.79,2.074848983483711,30.26,114,1.3164737700879472,ETH,R:10_L:20_F:50_A:30_M:1.5
21,30,50,25,3.0,109.66,2.0747693557560103,52.85,37,1.2855639712875555,INJ,R:21_L:30_F:50_A:25_M:3.0
12,80,200,14,4.0,62.86,2.0745260192667327,30.3,50,1.4512891255459257,BTC,R:12_L:80_F:200_A:14_M:4.0
12,20,50,10,1.5,70.07,2.0728466718451486,33.8,119,1.3662726535670129,ETH,R:12_L:20_F:50_A:10_M:1.5
9,100,150,14,1.0,63.8,2.072400558728179,30.78,59,1.5352683712226514,BTC,R:9_L:100_F:150_A:14_M:1.0
21,50,50,10,3.0,139.44,2.072331119355252,67.29,27,1.3567502094066184,INJ,R:21_L:50_F:50_A:10_M:3.0
7,80,100,5,1.5,83.43,2.0718153561340538,40.27,59,1.4041975601628902,ETH,R:7_L:80_F:100_A:5_M:1.5
9,100,100,10,1.5,89.8,2.070874729544124,43.37,55,1.4787225779530433,ETH,R:9_L:100_F:100_A:10_M:1.5
9,100,100,10,2.0,89.8,2.0707394825311205,43.37,55,1.442956416605308,ETH,R:9_L:100_F:100_A:10_M:2.0
18,20,100,7,1.5,70.93,2.0705202566706458,34.26,173,1.4062489416949864,ETH,R:18_L:20_F:100_A:7_M:1.5
15,20,150,7,2.5,69.4,2.070145948389533,33.52,114,1.3907650574855093,ETH,R:15_L:20_F:150_A:7_M:2.5
18,20,50,10,3.0,80.97,2.0656178478322667,39.2,190,1.3958659232124089,ETH,R:18_L:20_F:50_A:10_M:3.0
18,20,100,10,3.0,78.39,2.063024762352492,38.0,172,1.4530502678938444,ETH,R:18_L:20_F:100_A:10_M:3.0
12,40,50,5,2.0,135.95,2.062413241844286,65.92,38,1.3556939493920663,INJ,R:12_L:40_F:50_A:5_M:2.0
18,20,50,7,2.0,78.74,2.061211274771021,38.2,190,1.3900048482022556,ETH,R:18_L:20_F:50_A:7_M:2.0
12,80,100,25,2.5,89.39,2.061202536966308,43.37,48,1.4411207621404811,ETH,R:12_L:80_F:100_A:25_M:2.5
12,80,100,20,2.5,89.17,2.0561542965578927,43.37,48,1.4388199113289402,ETH,R:12_L:80_F:100_A:20_M:2.5
18,30,50,30,6.0,136.51,2.05444329982249,66.45,40,1.3597179220946225,INJ,R:18_L:30_F:50_A:30_M:6.0
12,50,50,25,2.0,136.57,2.054148080354485,66.48,36,1.3223607731299587,INJ,R:12_L:50_F:50_A:25_M:2.0
12,40,50,7,2.0,137.33,2.05229563078292,66.91,38,1.3590363984489982,INJ,R:12_L:40_F:50_A:7_M:2.0
9,30,50,25,4.0,87.5,2.0455851443711657,42.78,81,1.267560072639164,XRP,R:9_L:30_F:50_A:25_M:4.0
18,30,50,30,3.0,134.64,2.036655650959255,66.11,40,1.3552589802496775,INJ,R:18_L:30_F:50_A:30_M:3.0
18,30,50,14,5.0,135.29,2.035118183209629,66.48,40,1.3544824894636602,INJ,R:18_L:30_F:50_A:14_M:5.0
9,30,50,7,3.0,87.33,2.031376678229341,42.99,81,1.2671114572170146,XRP,R:9_L:30_F:50_A:7_M:3.0
9,30,50,14,4.0,86.2,2.0306241472137483,42.45,81,1.2572919659489852,XRP,R:9_L:30_F:50_A:14_M:4.0
9,30,50,10,3.0,90.48,2.0273440754821004,44.63,81,1.2936008575357545,XRP,R:9_L:30_F:50_A:10_M:3.0
9,30,50,7,5.0,88.89,2.022437006986333,43.95,81,1.276177979339083,XRP,R:9_L:30_F:50_A:7_M:5.0
21,80,150,30,0.5,65.98,2.0221640852010228,32.63,18,1.3505415627660038,IMX,R:21_L:80_F:150_A:30_M:0.5
10,40,50,14,2.0,129.28,2.0201702710217484,63.99,35,1.340707961442332,INJ,R:10_L:40_F:50_A:14_M:2.0
9,30,50,5,5.0,89.77,2.016156451086033,44.52,81,1.283510412388561,XRP,R:9_L:30_F:50_A:5_M:5.0
21,80,150,25,0.5,65.84,2.0092865467827803,32.77,18,1.3486902020338394,IMX,R:21_L:80_F:150_A:25_M:0.5
21,30,50,30,3.0,108.09,2.005217008145121,53.91,37,1.276587544038544,INJ,R:21_L:30_F:50_A:30_M:3.0
12,40,50,20,2.5,134.0,2.004587112517327,66.85,38,1.3419552524689646,INJ,R:12_L:40_F:50_A:20_M:2.5
10,40,50,25,1.5,114.81,2.0012885814651686,57.37,35,1.288944813571302,INJ,R:10_L:40_F:50_A:25_M:1.5
18,30,50,5,5.0,134.95,1.9995048087954603,67.49,40,1.35273101147118,INJ,R:18_L:30_F:50_A:5_M:5.0
9,30,50,7,6.0,92.16,1.9897526465895936,46.32,81,1.3029901495040506,XRP,R:9_L:30_F:50_A:7_M:6.0
10,40,50,20,1.0,95.69,1.9878458256447045,48.14,35,1.2215758873387572,INJ,R:10_L:40_F:50_A:20_M:1.0
18,40,50,14,1.0,112.82,1.98204358771985,56.92,30,1.291545743409536,INJ,R:18_L:40_F:50_A:14_M:1.0
9,30,50,20,4.0,84.76,1.979544782238584,42.82,81,1.2444635060315772,XRP,R:9_L:30_F:50_A:20_M:4.0
21,80,150,20,0.5,65.48,1.9758591351534875,33.14,18,1.3434855336606677,IMX,R:21_L:80_F:150_A:20_M:0.5
12,40,50,25,2.5,132.98,1.9704501365875269,67.49,38,1.3373303979831197,INJ,R:12_L:40_F:50_A:25_M:2.5
18,30,50,10,5.0,131.85,1.96727730316158,67.02,40,1.339052044603299,INJ,R:18_L:30_F:50_A:10_M:5.0
9,30,50,25,5.0,92.76,1.962809792821689,47.26,81,1.307566798900876,XRP,R:9_L:30_F:50_A:25_M:5.0
21,40,50,10,5.0,150.34,1.9605788014738377,76.68,27,1.3995967856495906,INJ,R:21_L:40_F:50_A:10_M:5.0
21,40,50,14,5.0,150.32,1.9602563970002769,76.69,27,1.3995425544584543,INJ,R:21_L:40_F:50_A:14_M:5.0
12,40,50,14,2.5,130.93,1.9600862910908208,66.8,38,1.3264818668654776,INJ,R:12_L:40_F:50_A:14_M:2.5
21,80,150,5,0.5,65.06,1.9599200832687405,33.2,18,1.339090589405456,IMX,R:21_L:80_F:150_A:5_M:0.5
18,30,50,25,4.0,133.15,1.9556546313682008,68.08,40,1.3461291515373055,INJ,R:18_L:30_F:50_A:25_M:4.0
9,30,50,20,5.0,92.39,1.953285348481684,47.3,81,1.304691136326746,XRP,R:9_L:30_F:50_A:20_M:5.0
10,40,50,30,1.5,113.31,1.9517486441199663,58.05,35,1.280966205425221,INJ,R:10_L:40_F:50_A:30_M:1.5
9,30,50,5,6.0,91.59,1.9486515888205744,47.0,81,1.2981433469834665,XRP,R:9_L:30_F:50_A:5_M:6.0
9,30,50,30,5.0,92.56,1.9395406596479068,47.72,81,1.305763040306864,XRP,R:9_L:30_F:50_A:30_M:5.0
10,40,50,14,2.5,131.11,1.939151750276005,67.61,35,1.3453892929458833,INJ,R:10_L:40_F:50_A:14_M:2.5
21,80,150,14,0.5,65.24,1.938844702024055,33.65,18,1.3400601878121432,IMX,R:21_L:80_F:150_A:14_M:0.5
10,40,50,10,2.0,126.43,1.933077783632756,65.4,35,1.3266403657319894,INJ,R:10_L:40_F:50_A:10_M:2.0
18,30,50,20,4.0,132.51,1.9286138865438756,68.71,40,1.3432913968128388,INJ,R:18_L:30_F:50_A:20_M:4.0
21,40,50,7,5.0,148.98,1.9278595552768296,77.28,27,1.3939971162030955,INJ,R:21_L:40_F:50_A:7_M:5.0
21,40,50,25,6.0,148.58,1.918323998442016,77.45,27,1.3923289483182155,INJ,R:21_L:40_F:50_A:25_M:6.0
21,40,50,20,6.0,148.44,1.915131487108109,77.51,27,1.3917668236327672,INJ,R:21_L:40_F:50_A:20_M:6.0
5,50,150,5,6.0,78.59,1.9145009682167524,41.05,83,1.1788542459259763,LINK,R:5_L:50_F:150_A:5_M:6.0
5,50,150,7,6.0,78.59,1.9145009682167524,41.05,83,1.1788542459259763,LINK,R:5_L:50_F:150_A:7_M:6.0
21,80,150,7,0.5,64.61,1.9098700714637165,33.83,18,1.3328352833509471,IMX,R:21_L:80_F:150_A:7_M:0.5
10,50,50,14,2.0,125.18,1.9093097884468997,65.56,38,1.2721322593502518,INJ,R:10_L:50_F:50_A:14_M:2.0
18,40,50,5,5.0,142.3,1.908805843723429,74.55,30,1.3571868517572103,INJ,R:18_L:40_F:50_A:5_M:5.0
18,40,50,10,6.0,142.3,1.908805843723429,74.55,30,1.3571868517572103,INJ,R:18_L:40_F:50_A:10_M:6.0
18,40,50,5,6.0,142.3,1.908805843723429,74.55,30,1.3571868517572103,INJ,R:18_L:40_F:50_A:5_M:6.0
18,40,50,7,6.0,142.3,1.908805843723429,74.55,30,1.3571868517572103,INJ,R:18_L:40_F:50_A:7_M:6.0
10,40,50,20,1.5,109.57,1.908019480461271,57.43,35,1.2624284330328746,INJ,R:10_L:40_F:50_A:20_M:1.5
9,30,50,14,5.0,89.38,1.9077272617520609,46.85,81,1.2799199211890735,XRP,R:9_L:30_F:50_A:14_M:5.0
7,30,50,30,5.0,87.6,1.904043013957316,46.01,92,1.22833810513135,XRP,R:7_L:30_F:50_A:30_M:5.0
18,30,50,5,4.0,125.57,1.903873811411572,65.96,40,1.3109444753082675,INJ,R:18_L:30_F:50_A:5_M:4.0
21,40,50,25,5.0,147.9,1.902306077572355,77.75,27,1.389543726848063,INJ,R:21_L:40_F:50_A:25_M:5.0
21,40,50,10,4.0,147.71,1.902181097566487,77.65,27,1.3886745686935609,INJ,R:21_L:40_F:50_A:10_M:4.0
21,80,150,10,0.5,64.73,1.900768934657663,34.06,18,1.334871531093664,IMX,R:21_L:80_F:150_A:10_M:0.5
21,30,50,14,3.0,103.68,1.898883436131998,54.6,37,1.251177358583408,INJ,R:21_L:30_F:50_A:14_M:3.0
10,40,50,7,2.0,127.1,1.8981197797181029,66.96,35,1.3281703799241005,INJ,R:10_L:40_F:50_A:7_M:2.0
10,50,50,20,2.0,125.79,1.8913403990264728,66.51,38,1.274815263106126,INJ,R:10_L:50_F:50_A:20_M:2.0
7,30,50,25,5.0,87.15,1.8864988309864164,46.19,92,1.2248663384518867,XRP,R:7_L:30_F:50_A:25_M:5.0
18,30,50,30,4.0,130.39,1.8858422533991237,69.14,40,1.3335536749377623,INJ,R:18_L:30_F:50_A:30_M:4.0
21,40,50,10,6.0,147.05,1.8826957221112477,78.11,27,1.386026683368943,INJ,R:21_L:40_F:50_A:10_M:6.0
21,40,50,14,6.0,147.03,1.8823125436132244,78.11,27,1.3859582578264982,INJ,R:21_L:40_F:50_A:14_M:6.0
12,40,50,10,2.5,129.01,1.88216184387954,68.54,38,1.3182278325644952,INJ,R:12_L:40_F:50_A:10_M:2.5
21,40,50,5,4.0,146.71,1.8789691978387584,78.08,27,1.3848433896912629,INJ,R:21_L:40_F:50_A:5_M:4.0
21,40,50,20,5.0,146.88,1.878749791613065,78.18,27,1.3852894228981336,INJ,R:21_L:40_F:50_A:20_M:5.0
10,50,50,25,2.0,125.81,1.877287011009016,67.02,38,1.2760932085920684,INJ,R:10_L:50_F:50_A:25_M:2.0
18,30,50,7,5.0,129.04,1.8770368331013256,68.74,40,1.32615164306425,INJ,R:18_L:30_F:50_A:7_M:5.0
7,30,50,20,5.0,87.29,1.872902787596314,46.6,92,1.2260261290169048,XRP,R:7_L:30_F:50_A:20_M:5.0
7,30,50,14,5.0,88.0,1.871291076213124,47.03,92,1.2317138215134344,XRP,R:7_L:30_F:50_A:14_M:5.0
7,30,50,5,3.0,87.78,1.8676190678895923,47.0,92,1.2322704012273913,XRP,R:7_L:30_F:50_A:5_M:3.0
21,50,50,14,5.0,126.43,1.867525869839673,67.7,27,1.2980626164894766,INJ,R:21_L:50_F:50_A:14_M:5.0
14,40,50,25,3.0,140.83,1.8644301757354425,75.53,34,1.3730609471492774,INJ,R:14_L:40_F:50_A:25_M:3.0
7,30,50,30,6.0,89.07,1.861811559344894,47.84,92,1.2398033047403876,XRP,R:7_L:30_F:50_A:30_M:6.0
21,50,50,10,4.0,125.91,1.856349451572328,67.82,27,1.2956761987599266,INJ,R:21_L:50_F:50_A:10_M:4.0
14,40,50,20,3.0,139.8,1.8527059718852856,75.46,34,1.3686572111531328,INJ,R:14_L:40_F:50_A:20_M:3.0
12,50,50,20,2.0,129.54,1.8500351265551245,70.02,36,1.2941660343519763,INJ,R:12_L:50_F:50_A:20_M:2.0
9,30,50,10,5.0,89.28,1.8484147228574548,48.3,81,1.2789778244270262,XRP,R:9_L:30_F:50_A:10_M:5.0
5,50,150,10,6.0,77.98,1.8472839056959305,42.21,83,1.1734466709485456,LINK,R:5_L:50_F:150_A:10_M:6.0
10,40,50,25,1.0,89.32,1.8471335384167051,48.36,35,1.1804791644076107,INJ,R:10_L:40_F:50_A:25_M:1.0
5,40,150,5,5.0,86.66,1.845959566296684,46.94,88,1.2618902576125437,LINK,R:5_L:40_F:150_A:5_M:5.0
7,30,50,20,6.0,89.07,1.8439746771435532,48.31,92,1.239828670239294,XRP,R:7_L:30_F:50_A:20_M:6.0
14,40,50,5,3.0,141.05,1.8434449350294104,76.52,34,1.3693248649340453,INJ,R:14_L:40_F:50_A:5_M:3.0
10,40,50,10,2.5,127.02,1.8429720456064569,68.92,35,1.32506479862298,INJ,R:10_L:40_F:50_A:10_M:2.5
5,50,150,30,6.0,77.94,1.842422980435989,42.3,83,1.1730736510069597,LINK,R:5_L:50_F:150_A:30_M:6.0
7,30,50,25,6.0,88.76,1.840850856535006,48.22,92,1.2372580545858367,XRP,R:7_L:30_F:50_A:25_M:6.0
10,50,50,30,2.0,123.89,1.839904796857273,67.33,38,1.267033136173705,INJ,R:10_L:50_F:50_A:30_M:2.0
10,30,50,30,6.0,81.13,1.837961337523651,44.14,86,1.206916523159548,XRP,R:10_L:30_F:50_A:30_M:6.0
21,40,50,14,4.0,144.88,1.837483468342688,78.85,27,1.3769165727321753,INJ,R:21_L:40_F:50_A:14_M:4.0
5,40,150,5,6.0,86.06,1.8333081227258312,46.94,88,1.2566109162167562,LINK,R:5_L:40_F:150_A:5_M:6.0
5,40,150,7,6.0,85.99,1.831894097073997,46.94,88,1.2560173081299253,LINK,R:5_L:40_F:150_A:7_M:6.0
5,40,150,30,6.0,85.99,1.831894097073997,46.94,88,1.2560173081299253,LINK,R:5_L:40_F:150_A:30_M:6.0
5,40,150,25,6.0,85.99,1.831894097073997,46.94,88,1.2560173081299253,LINK,R:5_L:40_F:150_A:25_M:6.0
5,40,150,20,6.0,85.99,1.831894097073997,46.94,88,1.2560173081299253,LINK,R:5_L:40_F:150_A:20_M:6.0
5,40,150,14,6.0,85.99,1.831894097073997,46.94,88,1.2560173081299253,LINK,R:5_L:40_F:150_A:14_M:6.0
5,40,150,30,5.0,85.99,1.831894097073997,46.94,88,1.2560173081299253,LINK,R:5_L:40_F:150_A:30_M:5.0
5,40,150,10,6.0,85.99,1.831894097073997,46.94,88,1.2560173081299253,LINK,R:5_L:40_F:150_A:10_M:6.0
21,30,50,10,3.0,102.99,1.831779423428668,56.22,37,1.246714769679212,INJ,R:21_L:30_F:50_A:10_M:3.0
12,50,50,14,2.0,128.5,1.827316750749586,70.32,36,1.2896907285043313,INJ,R:12_L:50_F:50_A:14_M:2.0
7,30,50,10,5.0,86.76,1.8265857044996432,47.5,92,1.222973685765489,XRP,R:7_L:30_F:50_A:10_M:5.0
14,40,50,30,3.0,138.76,1.8250680310484184,76.03,34,1.3641536909555372,INJ,R:14_L:40_F:50_A:30_M:3.0
5,40,150,7,5.0,85.67,1.825049088754097,46.94,88,1.2531345829811678,LINK,R:5_L:40_F:150_A:7_M:5.0
21,40,50,7,4.0,144.31,1.8249097866829875,79.08,27,1.3745988955246793,INJ,R:21_L:40_F:50_A:7_M:4.0
10,30,50,25,6.0,80.96,1.8242334522590693,44.38,86,1.2054670351395085,XRP,R:10_L:30_F:50_A:25_M:6.0
7,30,50,14,6.0,89.0,1.8231534506357008,48.81,92,1.2396799430211298,XRP,R:7_L:30_F:50_A:14_M:6.0
9,30,50,7,4.0,85.68,1.8179159620612797,47.13,81,1.2499256722377114,XRP,R:9_L:30_F:50_A:7_M:4.0
12,40,50,30,2.5,124.93,1.8173084308533285,68.74,38,1.301817125171576,INJ,R:12_L:40_F:50_A:30_M:2.5
7,30,50,7,5.0,88.43,1.8095359688636536,48.87,92,1.2366046273463325,XRP,R:7_L:30_F:50_A:7_M:5.0
7,30,50,10,6.0,89.13,1.805082590201564,49.38,92,1.2407944278252436,XRP,R:7_L:30_F:50_A:10_M:6.0
9,30,50,14,2.0,90.9,1.8045771336360523,50.37,81,1.3146254105136743,XRP,R:9_L:30_F:50_A:14_M:2.0
9,30,50,5,4.0,85.51,1.803991406814966,47.4,81,1.248589025721547,XRP,R:9_L:30_F:50_A:5_M:4.0
9,30,50,25,2.5,85.76,1.7977147292030125,47.71,81,1.2655526525155478,XRP,R:9_L:30_F:50_A:25_M:2.5
9,30,50,5,3.0,78.97,1.7974025982646695,43.94,81,1.2008106693911138,XRP,R:9_L:30_F:50_A:5_M:3.0
9,30,50,20,2.5,85.87,1.7938860745335428,47.87,81,1.2664203288977058,XRP,R:9_L:30_F:50_A:20_M:2.5
9,30,50,5,2.5,79.26,1.7918126155757264,44.23,81,1.2050931596066528,XRP,R:9_L:30_F:50_A:5_M:2.5
8,30,50,20,5.0,83.77,1.7794016828379666,47.08,86,1.2233522781826145,XRP,R:8_L:30_F:50_A:20_M:5.0
8,30,50,25,5.0,83.7,1.7788375112652797,47.06,86,1.2226174984728937,XRP,R:8_L:30_F:50_A:25_M:5.0
8,30,50,30,5.0,83.58,1.776126712870299,47.06,86,1.2215035726697434,XRP,R:8_L:30_F:50_A:30_M:5.0
7,30,50,5,5.0,87.69,1.7754926399357822,49.39,92,1.2306920417017817,XRP,R:7_L:30_F:50_A:5_M:5.0
8,30,50,30,6.0,84.98,1.7685744369955927,48.05,86,1.233159454452901,XRP,R:8_L:30_F:50_A:30_M:6.0
9,30,50,10,2.5,86.94,1.7678038760716446,49.18,81,1.2749464220138966,XRP,R:9_L:30_F:50_A:10_M:2.5
7,30,50,14,3.0,85.01,1.766575897783362,48.12,92,1.211144634307074,XRP,R:7_L:30_F:50_A:14_M:3.0
9,30,50,30,2.5,84.54,1.7634712300455693,47.94,81,1.254909515642669,XRP,R:9_L:30_F:50_A:30_M:2.5
9,30,50,10,4.0,82.22,1.760890802283371,46.69,81,1.2225013326750418,XRP,R:9_L:30_F:50_A:10_M:4.0
8,30,50,25,6.0,84.73,1.755220420683271,48.27,86,1.230977552371242,XRP,R:8_L:30_F:50_A:25_M:6.0
10,30,50,20,6.0,78.74,1.7534120514004394,44.91,86,1.1857709456782428,XRP,R:10_L:30_F:50_A:20_M:6.0
9,30,50,14,2.5,86.59,1.7530989476972831,49.39,81,1.2728807449366115,XRP,R:9_L:30_F:50_A:14_M:2.5
7,30,50,7,6.0,89.16,1.747401914946963,51.02,92,1.241034424230397,XRP,R:7_L:30_F:50_A:7_M:6.0
7,30,50,5,2.5,84.87,1.7441621838133152,48.66,92,1.2104506888391735,XRP,R:7_L:30_F:50_A:5_M:2.5
8,30,50,20,6.0,84.97,1.7425951891483402,48.76,86,1.2331099435555248,XRP,R:8_L:30_F:50_A:20_M:6.0
5,40,150,5,3.0,79.93,1.7415907488469342,45.89,88,1.2018861506837746,LINK,R:5_L:40_F:150_A:5_M:3.0
5,40,150,25,5.0,81.45,1.735003870839212,46.94,88,1.2153364572700964,LINK,R:5_L:40_F:150_A:25_M:5.0
8,30,50,14,6.0,85.43,1.7340118088743657,49.27,86,1.2373436409121088,XRP,R:8_L:30_F:50_A:14_M:6.0
10,30,50,10,3.0,74.16,1.7273172667821477,42.94,86,1.1508567972910706,XRP,R:10_L:30_F:50_A:10_M:3.0
10,30,50,7,3.0,75.24,1.726637041357321,43.57,86,1.1606502081384955,XRP,R:10_L:30_F:50_A:7_M:3.0
21,80,250,30,1.0,63.12,1.725266976734628,36.58,15,1.2844306429946857,IMX,R:21_L:80_F:250_A:30_M:1.0
5,50,150,14,4.0,72.72,1.7237268648296933,42.19,83,1.1274282046147277,LINK,R:5_L:50_F:150_A:14_M:4.0
7,30,50,7,4.0,85.64,1.718693349843324,49.83,92,1.2144345050421967,XRP,R:7_L:30_F:50_A:7_M:4.0
7,30,50,5,6.0,88.58,1.7150688097681297,51.65,92,1.2363356223706328,XRP,R:7_L:30_F:50_A:5_M:6.0
5,40,150,20,5.0,80.47,1.7142515924825272,46.94,88,1.2064940919610918,LINK,R:5_L:40_F:150_A:20_M:5.0
8,30,50,14,5.0,81.39,1.7136083746402488,47.5,86,1.2035678087659492,XRP,R:8_L:30_F:50_A:14_M:5.0
5,30,50,30,6.0,93.22,1.7134305719463443,54.4,139,1.2617072154236493,LINK,R:5_L:30_F:50_A:30_M:6.0
5,30,50,7,6.0,93.22,1.7134305719463443,54.4,139,1.2617072154236493,LINK,R:5_L:30_F:50_A:7_M:6.0
5,30,50,14,6.0,93.22,1.7134305719463443,54.4,139,1.2617072154236493,LINK,R:5_L:30_F:50_A:14_M:6.0
5,30,50,5,6.0,93.22,1.7134305719463443,54.4,139,1.2617072154236493,LINK,R:5_L:30_F:50_A:5_M:6.0
5,30,50,25,6.0,93.22,1.7134305719463443,54.4,139,1.2617072154236493,LINK,R:5_L:30_F:50_A:25_M:6.0
5,30,50,5,5.0,93.22,1.7134305719463443,54.4,139,1.2617072154236493,LINK,R:5_L:30_F:50_A:5_M:5.0
5,30,50,20,6.0,93.22,1.7134305719463443,54.4,139,1.2617072154236493,LINK,R:5_L:30_F:50_A:20_M:6.0
5,30,50,10,6.0,93.22,1.7134305719463443,54.4,139,1.2617072154236493,LINK,R:5_L:30_F:50_A:10_M:6.0
10,30,50,10,6.0,78.86,1.7125860544308005,46.05,86,1.1873976666521828,XRP,R:10_L:30_F:50_A:10_M:6.0
8,30,50,10,5.0,81.84,1.7064151910459455,47.96,86,1.2074505900284798,XRP,R:8_L:30_F:50_A:10_M:5.0
5,30,50,30,5.0,92.81,1.7059811758832426,54.4,139,1.2585045540822368,LINK,R:5_L:30_F:50_A:30_M:5.0
8,30,50,10,6.0,84.87,1.7033820829329154,49.82,86,1.23283325732066,XRP,R:8_L:30_F:50_A:10_M:6.0
5,30,50,25,5.0,92.58,1.7016880075304617,54.4,139,1.2566544556939374,LINK,R:5_L:30_F:50_A:25_M:5.0
15,40,50,5,2.0,86.35,1.7014330259539383,50.75,75,1.215457246359726,XRP,R:15_L:40_F:50_A:5_M:2.0
5,30,50,10,5.0,92.11,1.693024698504198,54.4,139,1.2529800928912505,LINK,R:5_L:30_F:50_A:10_M:5.0
8,30,50,7,5.0,83.49,1.6927291864150462,49.32,86,1.221577172458201,XRP,R:8_L:30_F:50_A:7_M:5.0
21,80,250,25,1.0,62.69,1.6925657533505007,37.04,15,1.2784036318610168,IMX,R:21_L:80_F:250_A:25_M:1.0
5,50,150,7,5.0,73.53,1.6866445102938148,43.59,83,1.1340155020037728,LINK,R:5_L:50_F:150_A:7_M:5.0
21,80,100,30,0.5,56.92,1.683410914164203,33.81,27,1.162325766192268,IMX,R:21_L:80_F:100_A:30_M:0.5
5,50,150,25,5.0,73.15,1.6818837079083129,43.49,83,1.1308997009359008,LINK,R:5_L:50_F:150_A:25_M:5.0
21,80,200,30,1.0,65.05,1.6816870068536651,38.68,14,1.3103089011268667,IMX,R:21_L:80_F:200_A:30_M:1.0
5,30,50,20,5.0,91.77,1.6801561140252057,54.62,139,1.2503761008566756,LINK,R:5_L:30_F:50_A:20_M:5.0
7,30,50,10,4.0,82.97,1.6781695227270432,49.44,92,1.1944472865722624,XRP,R:7_L:30_F:50_A:10_M:4.0
5,30,50,7,5.0,91.11,1.6745988722893976,54.4,139,1.2450477427032716,LINK,R:5_L:30_F:50_A:7_M:5.0
7,20,50,25,6.0,77.64,1.6716341089627649,46.45,158,1.1524199172589042,LINK,R:7_L:20_F:50_A:25_M:6.0
21,80,100,25,0.5,56.64,1.6703749196235176,33.91,27,1.158468397295064,IMX,R:21_L:80_F:100_A:25_M:0.5
5,40,150,10,5.0,78.27,1.667297629315497,46.94,88,1.1871848956337772,LINK,R:5_L:40_F:150_A:10_M:5.0
5,40,150,14,4.0,78.26,1.6672294130776484,46.94,88,1.186741346302118,LINK,R:5_L:40_F:150_A:14_M:4.0
15,40,50,7,2.0,84.09,1.6653588853152137,50.5,75,1.1975976565425923,XRP,R:15_L:40_F:50_A:7_M:2.0
7,30,50,7,2.5,82.93,1.6653081709853903,49.8,92,1.1939476256949138,XRP,R:7_L:30_F:50_A:7_M:2.5
5,50,150,30,5.0,72.91,1.665123561757318,43.79,83,1.128786752535061,LINK,R:5_L:50_F:150_A:30_M:5.0
5,40,150,25,4.0,78.06,1.6628152635937503,46.94,88,1.1852826032237012,LINK,R:5_L:40_F:150_A:25_M:4.0
5,40,150,14,5.0,77.97,1.6608979590107038,46.94,88,1.1844802995513573,LINK,R:5_L:40_F:150_A:14_M:5.0
5,50,150,10,5.0,73.77,1.6598312274315212,44.44,83,1.1361398358606494,LINK,R:5_L:50_F:150_A:10_M:5.0
9,30,50,14,3.0,84.83,1.6587749269966567,51.14,81,1.2569699077663852,XRP,R:9_L:30_F:50_A:14_M:3.0
5,40,150,30,4.0,77.75,1.6561693037496092,46.94,88,1.1824483951191709,LINK,R:5_L:40_F:150_A:30_M:4.0
7,30,50,5,4.0,83.36,1.6560159616377024,50.34,92,1.1959547026489554,XRP,R:7_L:30_F:50_A:5_M:4.0
8,30,50,7,6.0,85.17,1.6551680024968876,51.46,86,1.2353603776033055,XRP,R:8_L:30_F:50_A:7_M:6.0
8,30,50,5,5.0,82.48,1.655064253694855,49.84,86,1.2130593899609108,XRP,R:8_L:30_F:50_A:5_M:5.0
21,80,200,25,1.0,64.63,1.6505633554916872,39.15,14,1.3043887360162518,IMX,R:21_L:80_F:200_A:25_M:1.0
18,80,100,30,0.5,55.27,1.6479773051298732,33.54,26,1.1705728204895482,IMX,R:18_L:80_F:100_A:30_M:0.5
9,30,50,7,2.0,80.27,1.6475982200195347,48.72,81,1.2274080812596126,XRP,R:9_L:30_F:50_A:7_M:2.0
12,100,200,30,0.5,67.75,1.6454736940764385,41.17,14,1.398694143052272,IMX,R:12_L:100_F:200_A:30_M:0.5
10,30,50,14,5.0,78.73,1.6449629587498755,47.86,86,1.18658640854911,XRP,R:10_L:30_F:50_A:14_M:5.0
7,30,50,10,3.0,81.35,1.6437991295172136,49.49,92,1.1814489829455088,XRP,R:7_L:30_F:50_A:10_M:3.0
5,50,150,7,4.0,71.06,1.6429083807080158,43.25,83,1.1124546411555911,LINK,R:5_L:50_F:150_A:7_M:4.0
21,80,250,20,1.0,61.9,1.6402753360098792,37.74,15,1.2674701133903823,IMX,R:21_L:80_F:250_A:20_M:1.0
12,100,200,25,0.5,67.56,1.6393871490530614,41.21,14,1.3960283826093438,IMX,R:12_L:100_F:200_A:25_M:0.5
18,80,100,25,0.5,55.25,1.634837004766363,33.8,26,1.1714436883198158,IMX,R:18_L:80_F:100_A:25_M:0.5
5,40,150,20,4.0,76.69,1.6336728317519569,46.94,88,1.1723072437984547,LINK,R:5_L:40_F:150_A:20_M:4.0
21,80,100,20,0.5,55.92,1.6329318027818542,34.24,27,1.148551888392538,IMX,R:21_L:80_F:100_A:20_M:0.5
10,30,50,7,6.0,78.05,1.6326201685678214,47.8,86,1.180202885011111,XRP,R:10_L:30_F:50_A:7_M:6.0
5,40,150,10,4.0,76.6,1.6317218683119703,46.94,88,1.1716396916139795,LINK,R:5_L:40_F:150_A:10_M:4.0
12,100,200,20,0.5,67.33,1.630521599557103,41.29,14,1.3925913114124338,IMX,R:12_L:100_F:200_A:20_M:0.5
10,30,50,30,5.0,79.3,1.6296904804728578,48.66,86,1.1912429576588128,XRP,R:10_L:30_F:50_A:30_M:5.0
5,50,150,20,6.0,72.71,1.6284729159144995,44.65,83,1.1265098410041237,LINK,R:5_L:50_F:150_A:20_M:6.0
8,30,50,5,3.0,82.8,1.6275342414289728,50.87,86,1.2177750487571748,XRP,R:8_L:30_F:50_A:5_M:3.0
10,30,50,25,5.0,77.97,1.6259005210376154,47.96,86,1.17953616663027,XRP,R:10_L:30_F:50_A:25_M:5.0
5,30,50,5,6.0,74.26,1.6256276372495122,45.68,111,1.1198053784861275,XRP,R:5_L:30_F:50_A:5_M:6.0
12,100,250,30,0.5,66.85,1.6236820114263668,41.17,15,1.3859883805019884,IMX,R:12_L:100_F:250_A:30_M:0.5
5,50,150,14,6.0,73.01,1.6227196890928768,44.99,83,1.1292778138992798,LINK,R:5_L:50_F:150_A:14_M:6.0
5,50,150,5,5.0,71.39,1.6211610467581117,44.04,83,1.114987668678747,LINK,R:5_L:50_F:150_A:5_M:5.0
12,100,250,25,0.5,66.75,1.6196556984731536,41.21,15,1.384525565841842,IMX,R:12_L:100_F:250_A:25_M:0.5
8,30,50,5,6.0,84.34,1.6196232522340834,52.08,86,1.228273025709824,XRP,R:8_L:30_F:50_A:5_M:6.0
5,50,150,25,6.0,72.78,1.618118251304944,44.98,83,1.1271357344421151,LINK,R:5_L:50_F:150_A:25_M:6.0
18,80,100,20,0.5,54.94,1.6156253359023336,34.0,26,1.1669214281085754,IMX,R:18_L:80_F:100_A:20_M:0.5
5,30,50,14,5.0,87.81,1.6140698532919189,54.4,139,1.2197445303665495,LINK,R:5_L:30_F:50_A:14_M:5.0
5,50,150,5,4.0,72.04,1.6139938480988727,44.63,83,1.120829544977788,LINK,R:5_L:50_F:150_A:5_M:4.0
7,40,150,5,6.0,76.67,1.6123462334865817,47.55,84,1.16635899876597,LINK,R:7_L:40_F:150_A:5_M:6.0
5,30,50,7,6.0,73.65,1.6121885892648806,45.68,111,1.1145763913242497,XRP,R:5_L:30_F:50_A:7_M:6.0
21,80,100,14,0.5,55.99,1.6117701126949815,34.74,27,1.1495001589647058,IMX,R:21_L:80_F:100_A:14_M:0.5
7,40,150,7,6.0,76.61,1.6110208102169288,47.55,84,1.1657875225117562,LINK,R:7_L:40_F:150_A:7_M:6.0
7,40,150,25,6.0,76.61,1.6110208102169288,47.55,84,1.1657875225117562,LINK,R:7_L:40_F:150_A:25_M:6.0
7,40,150,20,6.0,76.61,1.6110208102169288,47.55,84,1.1657875225117562,LINK,R:7_L:40_F:150_A:20_M:6.0
7,40,150,10,6.0,76.61,1.6110208102169288,47.55,84,1.1657875225117562,LINK,R:7_L:40_F:150_A:10_M:6.0
12,100,250,20,0.5,66.51,1.610776181321363,41.29,15,1.3810442350085064,IMX,R:12_L:100_F:250_A:20_M:0.5
21,80,100,5,0.5,55.37,1.6097602608618389,34.4,27,1.1405318531828073,IMX,R:21_L:80_F:100_A:5_M:0.5
5,50,150,10,4.0,70.33,1.6088892250313434,43.71,83,1.1055514602448508,LINK,R:5_L:50_F:150_A:10_M:4.0
5,30,50,10,6.0,73.5,1.6088862381388949,45.68,111,1.1132743513431185,XRP,R:5_L:30_F:50_A:10_M:6.0
12,100,200,14,0.5,66.78,1.607929612358509,41.53,14,1.3846474468599914,IMX,R:12_L:100_F:200_A:14_M:0.5
5,40,150,7,4.0,75.32,1.6044753807394645,46.94,88,1.159983191872349,LINK,R:5_L:40_F:150_A:7_M:4.0
10,30,50,5,6.0,77.4,1.5967969033200715,48.47,86,1.174424176248763,XRP,R:10_L:30_F:50_A:5_M:6.0
9,30,50,25,3.0,79.59,1.5962035296228825,49.86,81,1.2103789532231417,XRP,R:9_L:30_F:50_A:25_M:3.0
5,30,50,14,6.0,72.9,1.5957218090214744,45.68,111,1.1081182418236517,XRP,R:5_L:30_F:50_A:14_M:6.0
21,80,150,5,0.5,56.55,1.594722743059647,35.46,49,1.042669337451675,LINK,R:21_L:80_F:150_A:5_M:0.5
21,80,200,20,1.0,63.68,1.5913816202707949,40.02,14,1.291388917853484,IMX,R:21_L:80_F:200_A:20_M:1.0
15,120,150,5,1.5,103.31,1.5899118633797105,64.98,51,1.2898248582206255,LINK,R:15_L:120_F:150_A:5_M:1.5
12,100,250,14,0.5,65.99,1.588788172837435,41.53,15,1.3733635584321462,IMX,R:12_L:100_F:250_A:14_M:0.5
15,100,250,30,0.5,64.29,1.5884190683560142,40.47,15,1.3145585586165722,IMX,R:15_L:100_F:250_A:30_M:0.5
10,30,50,10,5.0,78.55,1.5873642196301374,49.48,86,1.1848473125983194,XRP,R:10_L:30_F:50_A:10_M:5.0
7,40,150,30,5.0,75.46,1.5868373910717375,47.55,84,1.1557779356467164,LINK,R:7_L:40_F:150_A:30_M:5.0
21,80,100,7,0.5,55.43,1.5845522957040703,34.98,27,1.141569676115723,IMX,R:21_L:80_F:100_A:7_M:0.5
18,50,200,7,3.0,79.03,1.582482940378353,49.94,55,1.1448033094703858,LINK,R:18_L:50_F:200_A:7_M:3.0
5,50,150,20,5.0,72.0,1.5821444765870896,45.51,83,1.1205022343399245,LINK,R:5_L:50_F:150_A:20_M:5.0
9,30,50,30,3.0,79.18,1.580905840995486,50.08,81,1.2064275936965545,XRP,R:9_L:30_F:50_A:30_M:3.0
21,80,100,10,0.5,55.59,1.5791898095313035,35.2,27,1.143932111621084,IMX,R:21_L:80_F:100_A:10_M:0.5
9,30,50,20,3.0,79.62,1.579161817372118,50.42,81,1.210623911022542,XRP,R:9_L:30_F:50_A:20_M:3.0
12,100,200,10,0.5,66.39,1.5781538965655346,42.07,14,1.3786399981244613,IMX,R:12_L:100_F:200_A:10_M:0.5
15,100,250,25,0.5,64.04,1.5752702701612646,40.66,15,1.3109486166117954,IMX,R:15_L:100_F:250_A:25_M:0.5
5,30,50,20,5.0,71.95,1.575011380870618,45.68,111,1.100205525927884,XRP,R:5_L:30_F:50_A:20_M:5.0
7,40,150,30,6.0,74.61,1.568962170828515,47.55,84,1.1481888355943377,LINK,R:7_L:40_F:150_A:30_M:6.0
10,30,50,5,3.0,69.23,1.567003697982985,44.18,86,1.1104482113482907,XRP,R:10_L:30_F:50_A:5_M:3.0
5,30,50,25,5.0,71.49,1.5650150896620405,45.68,111,1.0962968734375105,XRP,R:5_L:30_F:50_A:25_M:5.0
21,80,250,14,1.0,61.22,1.563405270928235,39.16,15,1.2581325741529337,IMX,R:21_L:80_F:250_A:14_M:1.0
5,40,150,5,4.0,74.69,1.5629517284304444,47.79,88,1.153984525204505,LINK,R:5_L:40_F:150_A:5_M:4.0
5,30,50,14,5.0,71.3,1.560730934284796,45.68,111,1.09478673219832,XRP,R:5_L:30_F:50_A:14_M:5.0
15,100,250,20,0.5,63.71,1.5605329229845637,40.83,15,1.3061543972301677,IMX,R:15_L:100_F:250_A:20_M:0.5
7,40,150,7,5.0,74.17,1.5597243119557245,47.55,84,1.144183207998815,LINK,R:7_L:40_F:150_A:7_M:5.0
7,30,50,20,4.0,80.18,1.5578762945417195,51.47,92,1.1721477069664237,XRP,R:7_L:30_F:50_A:20_M:4.0
12,100,250,10,0.5,65.52,1.5573952913169744,42.07,15,1.366201770291171,IMX,R:12_L:100_F:250_A:10_M:0.5
7,30,50,25,2.5,80.74,1.5537123584353103,51.97,92,1.1858979640789082,XRP,R:7_L:30_F:50_A:25_M:2.5
7,30,50,14,4.0,80.9,1.5528113907648669,52.1,92,1.1783372863806547,XRP,R:7_L:30_F:50_A:14_M:4.0
7,30,50,7,3.0,78.84,1.5525074349468355,50.78,92,1.161404513507443,XRP,R:7_L:30_F:50_A:7_M:3.0
7,20,100,5,1.0,67.47,1.5522266522693544,43.47,143,1.1267278753320895,LINK,R:7_L:20_F:100_A:5_M:1.0
5,30,50,20,6.0,70.98,1.5489929906488735,45.83,111,1.0916919505608955,XRP,R:5_L:30_F:50_A:20_M:6.0
5,30,50,30,6.0,72.91,1.5475608565773562,47.11,111,1.1082883309063,XRP,R:5_L:30_F:50_A:30_M:6.0
15,120,150,7,1.0,88.56,1.5463638926562224,57.27,51,1.2289522149304948,LINK,R:15_L:120_F:150_A:7_M:1.0
12,100,200,7,0.5,65.86,1.545029854797982,42.63,14,1.3706472425260492,IMX,R:12_L:100_F:200_A:7_M:0.5
18,80,100,14,0.5,54.07,1.5431259210262616,35.04,26,1.1543145291584591,IMX,R:18_L:80_F:100_A:14_M:0.5
12,100,200,5,0.5,65.56,1.5385524731526494,42.61,14,1.3660905808166672,IMX,R:12_L:100_F:200_A:5_M:0.5
15,100,250,14,0.5,63.32,1.5333107098843053,41.3,15,1.3001196451742825,IMX,R:15_L:100_F:250_A:14_M:0.5
5,50,150,14,5.0,69.63,1.5326319928556034,45.43,83,1.0992969394683385,LINK,R:5_L:50_F:150_A:14_M:5.0
15,120,150,5,1.0,88.82,1.5310686361129373,58.01,51,1.2283923089337874,LINK,R:15_L:120_F:150_A:5_M:1.0
15,100,200,30,0.5,63.51,1.527871429250449,41.57,16,1.289923636597892,IMX,R:15_L:100_F:200_A:30_M:0.5
5,80,150,5,6.0,77.56,1.5270429383008688,50.79,68,1.1326704470061977,LINK,R:5_L:80_F:150_A:5_M:6.0
5,80,150,7,6.0,77.56,1.5270429383008688,50.79,68,1.1326704470061977,LINK,R:5_L:80_F:150_A:7_M:6.0
7,30,100,30,6.0,63.82,1.5254519574015044,41.84,106,1.0966202950323447,LINK,R:7_L:30_F:100_A:30_M:6.0
12,100,250,7,0.5,64.96,1.5238810168271215,42.63,15,1.3577675174393016,IMX,R:12_L:100_F:250_A:7_M:0.5
18,50,150,7,3.0,84.01,1.5214031782050703,55.22,54,1.18077004809824,LINK,R:18_L:50_F:150_A:7_M:3.0
7,20,50,14,6.0,75.74,1.5198612525278952,49.83,158,1.13591963517144,LINK,R:7_L:20_F:50_A:14_M:6.0
12,100,250,5,0.5,64.69,1.518194513572032,42.61,15,1.3536909665375596,IMX,R:12_L:100_F:250_A:5_M:0.5
5,40,50,5,5.0,97.18,1.51528132299813,64.13,132,1.2471205635577465,LINK,R:5_L:40_F:50_A:5_M:5.0
7,30,100,7,6.0,63.33,1.513853044888014,41.84,106,1.0915352247958936,LINK,R:7_L:30_F:100_A:7_M:6.0
7,30,100,20,6.0,63.33,1.513853044888014,41.84,106,1.0915352247958936,LINK,R:7_L:30_F:100_A:20_M:6.0
15,100,200,25,0.5,63.19,1.5129622650356012,41.76,16,1.2852672040456594,IMX,R:15_L:100_F:200_A:25_M:0.5
7,30,100,5,5.0,63.13,1.5090575051987305,41.84,106,1.0893459437665436,LINK,R:7_L:30_F:100_A:5_M:5.0
7,30,100,25,6.0,63.11,1.508498761521971,41.84,106,1.0891767553125036,LINK,R:7_L:30_F:100_A:25_M:6.0
5,40,50,5,6.0,96.55,1.5054986050529084,64.13,132,1.2427751728407672,LINK,R:5_L:40_F:50_A:5_M:6.0
7,20,50,20,6.0,75.84,1.505023286705987,50.39,158,1.1366990785104654,LINK,R:7_L:20_F:50_A:20_M:6.0
21,80,250,5,1.0,59.19,1.5045282345226405,39.34,15,1.2265067747249183,IMX,R:21_L:80_F:250_A:5_M:1.0
5,40,50,7,6.0,96.48,1.5044052109242678,64.13,132,1.242287596852991,LINK,R:5_L:40_F:50_A:7_M:6.0
5,40,50,10,6.0,96.48,1.5044052109242678,64.13,132,1.242287596852991,LINK,R:5_L:40_F:50_A:10_M:6.0
5,40,50,14,6.0,96.48,1.5044052109242678,64.13,132,1.242287596852991,LINK,R:5_L:40_F:50_A:14_M:6.0
5,40,50,20,6.0,96.48,1.5044052109242678,64.13,132,1.242287596852991,LINK,R:5_L:40_F:50_A:20_M:6.0
5,40,50,25,6.0,96.48,1.5044052109242678,64.13,132,1.242287596852991,LINK,R:5_L:40_F:50_A:25_M:6.0
5,80,150,20,6.0,76.27,1.501560601546891,50.79,68,1.1222096173830582,LINK,R:5_L:80_F:150_A:20_M:6.0
21,80,200,14,1.0,62.75,1.5005957748495782,41.82,14,1.2787498068669605,IMX,R:21_L:80_F:200_A:14_M:1.0
5,80,150,14,6.0,76.09,1.498133911635419,50.79,68,1.1207870622984086,LINK,R:5_L:80_F:150_A:14_M:6.0
18,50,150,10,5.0,81.45,1.4975587275793925,54.39,54,1.1617238582515363,LINK,R:18_L:50_F:150_A:10_M:5.0
18,80,100,10,0.5,53.41,1.4968398055992953,35.68,26,1.1444687831112652,IMX,R:18_L:80_F:100_A:10_M:0.5
5,80,150,25,6.0,75.97,1.4956481451150865,50.79,68,1.11975315914938,LINK,R:5_L:80_F:150_A:25_M:6.0
15,100,200,20,0.5,62.75,1.493224791740783,42.02,16,1.2790362977973304,IMX,R:15_L:100_F:200_A:20_M:0.5
21,80,250,5,1.5,69.49,1.484332788536336,46.81,15,1.2985353670522732,IMX,R:21_L:80_F:250_A:5_M:1.5
5,80,150,10,6.0,75.38,1.4840959488067405,50.79,68,1.1149288947380096,LINK,R:5_L:80_F:150_A:10_M:6.0
7,40,150,5,5.0,70.57,1.4839314391254477,47.55,84,1.111508160812982,LINK,R:7_L:40_F:150_A:5_M:5.0
15,100,250,10,0.5,62.32,1.4770777376482018,42.19,15,1.285155270462062,IMX,R:15_L:100_F:250_A:10_M:0.5
7,20,50,10,6.0,74.73,1.4733880230851573,50.72,158,1.1272591014004216,LINK,R:7_L:20_F:50_A:10_M:6.0
18,80,100,5,0.5,52.76,1.4720434764559929,35.84,26,1.133115693481838,IMX,R:18_L:80_F:100_A:5_M:0.5
21,80,250,10,1.0,59.76,1.4718690702700463,40.6,15,1.2365626105257184,IMX,R:21_L:80_F:250_A:10_M:1.0
7,20,50,30,6.0,75.76,1.4718041988652386,51.48,158,1.1359801079670104,LINK,R:7_L:20_F:50_A:30_M:6.0
15,120,200,5,1.5,93.13,1.4660021243312376,63.53,43,1.2374972767783314,LINK,R:15_L:120_F:200_A:5_M:1.5
7,30,100,5,6.0,61.7,1.4659785694180554,42.09,106,1.0741023342452805,LINK,R:7_L:30_F:100_A:5_M:6.0
7,40,150,5,4.0,70.95,1.4656084920749863,48.41,84,1.1152707093341294,LINK,R:7_L:40_F:150_A:5_M:4.0
5,30,50,30,4.0,87.14,1.4653172327424435,59.47,139,1.21364791013257,LINK,R:5_L:30_F:50_A:30_M:4.0
5,40,150,20,3.0,74.16,1.464734385774458,50.63,88,1.149309166113329,LINK,R:5_L:40_F:150_A:20_M:3.0
7,40,150,14,6.0,69.45,1.4605217696533097,47.55,84,1.101155176223377,LINK,R:7_L:40_F:150_A:14_M:6.0
15,100,200,14,0.5,62.17,1.456137312679364,42.69,16,1.270359786918318,IMX,R:15_L:100_F:200_A:14_M:0.5
21,80,200,5,1.0,61.1,1.4541324323229334,42.02,14,1.252618524221652,IMX,R:21_L:80_F:200_A:5_M:1.0
10,80,150,30,5.0,65.79,1.4517542678708215,45.32,61,1.134072367328916,ZEC,R:10_L:80_F:150_A:30_M:5.0
21,80,250,7,1.0,58.55,1.4506565795685056,40.36,15,1.2180990014815003,IMX,R:21_L:80_F:250_A:7_M:1.0
10,80,150,30,6.0,65.63,1.4480553738451676,45.32,61,1.13221147215511,ZEC,R:10_L:80_F:150_A:30_M:6.0
10,80,150,20,6.0,65.62,1.448014224948898,45.32,61,1.1322346080669494,ZEC,R:10_L:80_F:150_A:20_M:6.0
10,80,150,25,5.0,65.49,1.4451235187925455,45.32,61,1.1308466943401785,ZEC,R:10_L:80_F:150_A:25_M:5.0
10,80,150,25,6.0,65.34,1.4416519018117049,45.32,61,1.1290801422257666,ZEC,R:10_L:80_F:150_A:25_M:6.0
15,100,250,7,0.5,61.57,1.4358710627989983,42.88,15,1.2759573519641674,IMX,R:15_L:100_F:250_A:7_M:0.5
21,80,150,30,1.0,55.06,1.4234475306250458,38.68,18,1.1670380421884023,IMX,R:21_L:80_F:150_A:30_M:1.0
18,80,100,7,0.5,52.48,1.4160497314988998,37.06,26,1.129019743627436,IMX,R:18_L:80_F:100_A:7_M:0.5
21,80,200,10,1.0,61.2,1.4139924169671756,43.28,14,1.2560811056109469,IMX,R:21_L:80_F:200_A:10_M:1.0
15,100,250,5,0.5,61.19,1.4133654156108306,43.3,15,1.269591214433083,IMX,R:15_L:100_F:250_A:5_M:0.5
10,120,150,30,0.5,57.63,1.41288623543048,40.79,25,1.1923119924464598,IMX,R:10_L:120_F:150_A:30_M:0.5
10,120,150,25,0.5,57.5,1.410928646684392,40.75,25,1.1828841027487254,IMX,R:10_L:120_F:150_A:25_M:0.5
15,100,200,10,0.5,61.27,1.405113975830946,43.61,16,1.257144766624603,IMX,R:15_L:100_F:200_A:10_M:0.5
21,80,200,7,1.0,60.29,1.4016585616135204,43.01,14,1.241927960037184,IMX,R:21_L:80_F:200_A:7_M:1.0
9,120,150,30,0.5,55.26,1.3983481304764482,39.52,28,1.1558523679696309,IMX,R:9_L:120_F:150_A:30_M:0.5
10,120,150,20,0.5,57.19,1.3964888544898804,40.95,25,1.1786983876822237,IMX,R:10_L:120_F:150_A:20_M:0.5
21,80,150,25,1.0,54.66,1.3959855196054012,39.15,18,1.1612301039837294,IMX,R:21_L:80_F:150_A:25_M:1.0
9,120,150,25,0.5,55.08,1.384336073156043,39.79,28,1.146239162587939,IMX,R:9_L:120_F:150_A:25_M:0.5
12,100,150,30,0.5,58.29,1.3810951550615438,42.21,20,1.2543835030984734,IMX,R:12_L:100_F:150_A:30_M:0.5
15,100,150,30,0.5,57.39,1.3807009296536217,41.57,20,1.2025324481547168,IMX,R:15_L:100_F:150_A:30_M:0.5
12,100,150,25,0.5,58.2,1.3777056906083789,42.24,20,1.252978044361449,IMX,R:12_L:100_F:150_A:25_M:0.5
14,80,200,30,0.5,32.09,1.3722390681269083,23.38,14,0.9585899967643762,IMX,R:14_L:80_F:200_A:30_M:0.5
10,120,250,30,0.5,54.5,1.3718669958744245,39.73,18,1.1734978340716324,IMX,R:10_L:120_F:250_A:30_M:0.5
10,120,250,25,0.5,54.38,1.3697994857200806,39.7,18,1.162104952893706,IMX,R:10_L:120_F:250_A:25_M:0.5
15,100,150,25,0.5,57.09,1.3669425979252785,41.76,20,1.1980248826932325,IMX,R:15_L:100_F:150_A:25_M:0.5
15,100,200,7,0.5,60.46,1.3660652611387047,44.26,16,1.2470995110954308,IMX,R:15_L:100_F:200_A:7_M:0.5
10,120,150,14,0.5,56.42,1.36576349887794,41.31,25,1.1685174995617158,IMX,R:10_L:120_F:150_A:14_M:0.5
12,100,150,20,0.5,57.89,1.3654219652392694,42.4,20,1.2483104190188767,IMX,R:12_L:100_F:150_A:20_M:0.5
9,100,100,30,0.5,54.26,1.3652835043229414,39.74,39,1.1302281699404455,IMX,R:9_L:100_F:100_A:30_M:0.5
21,80,250,30,2.0,66.49,1.361265996060256,48.84,15,1.262317101377194,IMX,R:21_L:80_F:250_A:30_M:2.0
10,120,250,20,0.5,54.17,1.3605610673958766,39.82,18,1.159047292703195,IMX,R:10_L:120_F:250_A:20_M:0.5
9,100,100,25,0.5,53.93,1.3541039401729058,39.83,39,1.1257495486924782,IMX,R:9_L:100_F:100_A:25_M:0.5
9,120,150,20,0.5,54.39,1.3526983805267048,40.21,28,1.1371216972557234,IMX,R:9_L:120_F:150_A:20_M:0.5
15,100,150,20,0.5,56.6,1.3468024038766793,42.02,20,1.1908319960017986,IMX,R:15_L:100_F:150_A:20_M:0.5
21,80,150,20,1.0,53.84,1.345379118097823,40.02,18,1.149508465403856,IMX,R:21_L:80_F:150_A:20_M:1.0
10,80,150,5,3.0,62.34,1.3249257909717886,47.05,61,1.0994556612333397,ZEC,R:10_L:80_F:150_A:5_M:3.0
10,80,150,10,4.0,64.6,1.2939284390976014,49.93,61,1.1221711294265282,ZEC,R:10_L:80_F:150_A:10_M:4.0
10,80,150,7,4.0,64.31,1.292771082687325,49.75,61,1.1191374863795651,ZEC,R:10_L:80_F:150_A:7_M:4.0
10,80,150,5,5.0,64.69,1.288034726208117,50.23,61,1.1222089846706331,ZEC,R:10_L:80_F:150_A:5_M:5.0
10,80,150,10,5.0,64.21,1.285240017251024,49.96,61,1.1178239347005905,ZEC,R:10_L:80_F:150_A:10_M:5.0
10,80,150,14,5.0,64.34,1.281598599970144,50.21,61,1.1192076383254832,ZEC,R:10_L:80_F:150_A:14_M:5.0
10,80,150,7,5.0,63.56,1.271448668170559,49.99,61,1.1108222044616305,ZEC,R:10_L:80_F:150_A:7_M:5.0
10,80,150,10,6.0,64.21,1.2630848058899768,50.84,61,1.116878614202418,ZEC,R:10_L:80_F:150_A:10_M:6.0
10,80,150,7,6.0,64.03,1.2587348211708076,50.87,61,1.1148800732186726,ZEC,R:10_L:80_F:150_A:7_M:6.0
9,50,200,14,5.0,58.06,1.2553296942725114,46.25,55,1.0494717880931346,TRX,R:9_L:50_F:200_A:14_M:5.0
10,80,150,5,4.0,63.47,1.242185841769888,51.1,61,1.1105423322108543,ZEC,R:10_L:80_F:150_A:5_M:4.0
10,80,150,7,3.0,62.48,1.2402129112551934,50.38,61,1.1025699859590734,ZEC,R:10_L:80_F:150_A:7_M:3.0
10,80,150,5,6.0,63.29,1.2372148123151323,51.16,61,1.1066833934349782,ZEC,R:10_L:80_F:150_A:5_M:6.0
10,80,150,20,5.0,62.65,1.2273781526508414,51.05,61,1.1007332170320066,ZEC,R:10_L:80_F:150_A:20_M:5.0
10,80,150,14,6.0,62.5,1.2224641900942006,51.13,61,1.0991262834750657,ZEC,R:10_L:80_F:150_A:14_M:6.0
9,50,200,20,5.0,56.26,1.2211598622451174,46.07,55,1.0291029575604995,TRX,R:9_L:50_F:200_A:20_M:5.0
14,120,250,20,6.0,59.21,1.2138351122938502,48.78,25,1.048558377616185,TRX,R:14_L:120_F:250_A:20_M:6.0
14,120,250,25,6.0,59.21,1.2138351122938502,48.78,25,1.048558377616185,TRX,R:14_L:120_F:250_A:25_M:6.0
14,120,250,7,6.0,59.21,1.2138351122938502,48.78,25,1.048558377616185,TRX,R:14_L:120_F:250_A:7_M:6.0
14,120,250,30,6.0,59.21,1.2138351122938502,48.78,25,1.048558377616185,TRX,R:14_L:120_F:250_A:30_M:6.0
14,120,250,14,6.0,59.21,1.2138351122938502,48.78,25,1.048558377616185,TRX,R:14_L:120_F:250_A:14_M:6.0
14,120,250,10,6.0,59.21,1.2138351122938502,48.78,25,1.048558377616185,TRX,R:14_L:120_F:250_A:10_M:6.0
14,120,250,5,6.0,59.21,1.2138351122938502,48.78,25,1.048558377616185,TRX,R:14_L:120_F:250_A:5_M:6.0
15,120,250,7,5.0,58.24,1.2127048257634294,48.03,24,1.0386576593726888,TRX,R:15_L:120_F:250_A:7_M:5.0
15,120,250,7,6.0,58.24,1.2127048257634294,48.03,24,1.0386576593726888,TRX,R:15_L:120_F:250_A:7_M:6.0
15,120,250,30,6.0,58.24,1.2127048257634294,48.03,24,1.0386576593726888,TRX,R:15_L:120_F:250_A:30_M:6.0
15,120,250,10,6.0,58.24,1.2127048257634294,48.03,24,1.0386576593726888,TRX,R:15_L:120_F:250_A:10_M:6.0
15,120,250,14,5.0,58.24,1.2127048257634294,48.03,24,1.0386576593726888,TRX,R:15_L:120_F:250_A:14_M:5.0
15,120,250,25,6.0,58.24,1.2127048257634294,48.03,24,1.0386576593726888,TRX,R:15_L:120_F:250_A:25_M:6.0
15,120,250,20,6.0,58.24,1.2127048257634294,48.03,24,1.0386576593726888,TRX,R:15_L:120_F:250_A:20_M:6.0
15,120,250,5,6.0,58.24,1.2127048257634294,48.03,24,1.0386576593726888,TRX,R:15_L:120_F:250_A:5_M:6.0
15,120,250,14,6.0,58.24,1.2127048257634294,48.03,24,1.0386576593726888,TRX,R:15_L:120_F:250_A:14_M:6.0
9,50,200,25,5.0,55.9,1.2116186563809257,46.13,55,1.0251729352997132,TRX,R:9_L:50_F:200_A:25_M:5.0
9,50,200,30,5.0,55.81,1.2093798149677146,46.14,55,1.0239704190417986,TRX,R:9_L:50_F:200_A:30_M:5.0
10,80,150,25,4.0,62.13,1.208251835595964,51.42,61,1.0963676977332508,ZEC,R:10_L:80_F:150_A:25_M:4.0
14,120,250,7,5.0,58.89,1.2073068171124277,48.78,25,1.045225129011019,TRX,R:14_L:120_F:250_A:7_M:5.0
10,80,150,20,4.0,62.01,1.2062662025138546,51.41,61,1.0951847727285446,ZEC,R:10_L:80_F:150_A:20_M:4.0
14,120,250,14,5.0,58.8,1.2054568649216018,48.78,25,1.0442752471719687,TRX,R:14_L:120_F:250_A:14_M:5.0
10,50,200,14,5.0,54.31,1.2054106978950314,45.06,52,1.018514227365599,TRX,R:10_L:50_F:200_A:14_M:5.0
9,80,150,30,5.0,55.95,1.2035538718689374,46.49,63,1.0461874713805748,ZEC,R:9_L:80_F:150_A:30_M:5.0
9,50,200,20,6.0,57.05,1.2032598024181211,47.41,55,1.0384373931167616,TRX,R:9_L:50_F:200_A:20_M:6.0
9,80,150,20,5.0,55.86,1.2016299790128302,46.49,63,1.0451866050694103,ZEC,R:9_L:80_F:150_A:20_M:5.0
14,120,250,10,4.0,57.98,1.200762324943133,48.29,25,1.0366173158867402,TRX,R:14_L:120_F:250_A:10_M:4.0
10,50,200,10,5.0,53.61,1.2000223444761713,44.68,52,1.0106067899595708,TRX,R:10_L:50_F:200_A:10_M:5.0
14,120,250,20,4.0,57.83,1.1996638192065698,48.21,25,1.0348440906195528,TRX,R:14_L:120_F:250_A:20_M:4.0
9,80,150,25,5.0,55.76,1.1994813279876997,46.49,63,1.0439908918808798,ZEC,R:9_L:80_F:150_A:25_M:5.0
9,80,150,10,6.0,55.62,1.1963427562476443,46.49,63,1.0418886658798083,ZEC,R:9_L:80_F:150_A:10_M:6.0
10,50,200,30,5.0,54.18,1.195599472089686,45.32,52,1.0174248528640282,TRX,R:10_L:50_F:200_A:30_M:5.0
14,120,250,14,4.0,57.89,1.1950363066395469,48.44,25,1.0356531170698386,TRX,R:14_L:120_F:250_A:14_M:4.0
10,50,200,7,5.0,53.06,1.1931167968044627,44.47,52,1.0039851556075523,TRX,R:10_L:50_F:200_A:7_M:5.0
12,50,50,5,4.0,61.75,1.1920528851109764,51.8,84,1.031271876326867,TRX,R:12_L:50_F:50_A:5_M:4.0
10,50,200,25,5.0,54.04,1.191549806423154,45.35,52,1.0158123864513984,TRX,R:10_L:50_F:200_A:25_M:5.0
12,50,50,14,5.0,64.07,1.189085338503144,53.88,84,1.053087651375027,TRX,R:12_L:50_F:50_A:14_M:5.0
10,50,200,20,5.0,53.8,1.1878668239530177,45.29,52,1.0130537819027292,TRX,R:10_L:50_F:200_A:20_M:5.0
12,50,50,10,5.0,63.6,1.187446136172624,53.56,84,1.048765090385593,TRX,R:12_L:50_F:50_A:10_M:5.0
9,50,200,25,6.0,56.34,1.186137264723643,47.5,55,1.030615927605622,TRX,R:9_L:50_F:200_A:25_M:6.0
9,50,200,14,6.0,56.68,1.185328783560655,47.81,55,1.034350784606434,TRX,R:9_L:50_F:200_A:14_M:6.0
14,120,250,25,5.0,57.87,1.1842321123931263,48.87,25,1.0351938147824655,TRX,R:14_L:120_F:250_A:25_M:5.0
9,50,200,30,6.0,56.46,1.184057093125804,47.68,55,1.0322530743548348,TRX,R:9_L:50_F:200_A:30_M:6.0
14,120,250,5,4.0,57.75,1.1828657574723982,48.82,25,1.034563273086563,TRX,R:14_L:120_F:250_A:5_M:4.0
9,80,150,5,6.0,54.91,1.1810091030967158,46.49,63,1.0333867250225035,ZEC,R:9_L:80_F:150_A:5_M:6.0
14,120,250,20,5.0,57.82,1.1807237209536536,48.97,25,1.034688439495458,TRX,R:14_L:120_F:250_A:20_M:5.0
9,50,200,10,5.0,55.72,1.1803093482338072,47.2,55,1.0229339027983122,TRX,R:9_L:50_F:200_A:10_M:5.0
9,50,100,30,3.0,59.38,1.1779416992489384,50.41,65,1.0531773452896858,TRX,R:9_L:50_F:100_A:30_M:3.0
9,80,150,14,6.0,54.67,1.1759222573982282,46.49,63,1.0311965092729032,ZEC,R:9_L:80_F:150_A:14_M:6.0
10,50,200,20,6.0,53.32,1.1757566583404506,45.35,52,1.0070654530722891,TRX,R:10_L:50_F:200_A:20_M:6.0
14,120,250,30,5.0,57.75,1.1755367256361504,49.13,25,1.0339350558367315,TRX,R:14_L:120_F:250_A:30_M:5.0
9,50,100,20,5.0,59.97,1.1742184590818334,51.07,65,1.0585808378308843,TRX,R:9_L:50_F:100_A:20_M:5.0
14,120,250,10,5.0,57.4,1.169604414967293,49.08,25,1.0301957127864143,TRX,R:14_L:120_F:250_A:10_M:5.0
14,120,250,5,5.0,58.32,1.1681071259151237,49.92,25,1.0395285856302476,TRX,R:14_L:120_F:250_A:5_M:5.0
9,50,100,14,5.0,59.91,1.1661677143963525,51.38,65,1.0575936285037006,TRX,R:9_L:50_F:100_A:14_M:5.0
9,50,100,25,5.0,59.61,1.1655948202189672,51.14,65,1.0548761266595434,TRX,R:9_L:50_F:100_A:25_M:5.0
18,100,150,20,6.0,64.41,1.1654340331009785,55.26,32,1.0610805574854,TRX,R:18_L:100_F:150_A:20_M:6.0
18,100,150,25,6.0,64.37,1.164694162939652,55.26,32,1.0606995452874832,TRX,R:18_L:100_F:150_A:25_M:6.0
9,80,150,7,6.0,54.11,1.1638384415809404,46.49,63,1.0241821371649549,ZEC,R:9_L:80_F:150_A:7_M:6.0
18,100,150,30,6.0,64.28,1.1632299034325424,55.26,32,1.0599443677150957,TRX,R:18_L:100_F:150_A:30_M:6.0
9,80,150,30,6.0,54.05,1.1627126051935823,46.49,63,1.023974559104539,ZEC,R:9_L:80_F:150_A:30_M:6.0
18,100,150,14,6.0,64.23,1.1621678919911191,55.26,32,1.059395727069961,TRX,R:18_L:100_F:150_A:14_M:6.0
18,100,150,10,2.0,58.47,1.1617503299464107,50.33,32,1.018892425507085,TRX,R:18_L:100_F:150_A:10_M:2.0
9,80,150,20,6.0,53.95,1.1603789318648252,46.49,63,1.0227297644970637,ZEC,R:9_L:80_F:150_A:20_M:6.0
9,80,150,25,6.0,53.82,1.1577589530896122,46.49,63,1.0212748476354934,ZEC,R:9_L:80_F:150_A:25_M:6.0
10,50,200,30,6.0,52.4,1.1555494305562597,45.35,52,0.9968664078636476,TRX,R:10_L:50_F:200_A:30_M:6.0
14,120,250,7,4.0,57.39,1.1538240113594365,49.74,25,1.030629161877203,TRX,R:14_L:120_F:250_A:7_M:4.0
18,100,150,10,6.0,63.71,1.152780234193436,55.26,32,1.0545146503213527,TRX,R:18_L:100_F:150_A:10_M:6.0
10,80,200,30,6.0,54.84,1.1521123785999523,47.6,56,1.0305574151027892,ZEC,R:10_L:80_F:200_A:30_M:6.0
10,80,200,20,6.0,54.84,1.1520757509453017,47.6,56,1.0305701351412822,ZEC,R:10_L:80_F:200_A:20_M:6.0
18,100,150,25,5.0,64.7,1.1520389165736755,56.16,32,1.063821441424701,TRX,R:18_L:100_F:150_A:25_M:5.0
10,50,200,25,6.0,52.24,1.1520116784204506,45.35,52,0.9946348641601236,TRX,R:10_L:50_F:200_A:25_M:6.0
10,50,200,14,6.0,52.96,1.1515209567529827,45.99,52,1.0029658133051382,TRX,R:10_L:50_F:200_A:14_M:6.0
9,50,100,30,5.0,58.94,1.1494922255186275,51.28,65,1.0476589741901312,TRX,R:9_L:50_F:100_A:30_M:5.0
15,100,100,5,1.5,61.22,1.149128685180177,53.28,49,1.0406167840675322,TRX,R:15_L:100_F:100_A:5_M:1.5
18,100,150,30,5.0,64.47,1.146730170678102,56.22,32,1.061652355555473,TRX,R:18_L:100_F:150_A:30_M:5.0
10,80,200,25,6.0,54.57,1.1464124890898255,47.6,56,1.0273977607578275,ZEC,R:10_L:80_F:200_A:25_M:6.0
9,50,200,7,5.0,55.84,1.1457210492870658,48.74,55,1.0244717693798453,TRX,R:9_L:50_F:200_A:7_M:5.0
18,100,150,14,5.0,64.36,1.1451354417451205,56.2,32,1.060601202174942,TRX,R:18_L:100_F:150_A:14_M:5.0
10,50,200,7,6.0,51.9,1.1378889906811511,45.61,52,0.990329441994338,TRX,R:10_L:50_F:200_A:7_M:6.0
10,50,200,10,6.0,51.77,1.137052806617501,45.53,52,0.989123163241182,TRX,R:10_L:50_F:200_A:10_M:6.0
12,50,50,20,6.0,61.33,1.1331237200882924,54.12,84,1.0273938152295303,TRX,R:12_L:50_F:50_A:20_M:6.0
9,50,100,10,5.0,59.18,1.1328294810846065,52.24,65,1.0500570502647586,TRX,R:9_L:50_F:100_A:10_M:5.0
18,100,150,5,2.0,55.99,1.1324061022262757,49.45,32,0.9950539547018644,TRX,R:18_L:100_F:150_A:5_M:2.0
9,50,200,10,6.0,55.42,1.1321003565454824,48.96,55,1.0204323996065987,TRX,R:9_L:50_F:200_A:10_M:6.0
12,50,50,7,6.0,61.14,1.1307983243994248,54.07,84,1.0257075978211354,TRX,R:12_L:50_F:50_A:7_M:6.0
12,50,50,10,6.0,61.29,1.1291657676074096,54.28,84,1.027038450180967,TRX,R:12_L:50_F:50_A:10_M:6.0
10,50,50,10,5.0,67.36,1.1288391617646405,59.67,88,1.0870565798235683,TRX,R:10_L:50_F:50_A:10_M:5.0
10,50,50,14,5.0,67.79,1.128601445861647,60.06,88,1.0908072691887822,TRX,R:10_L:50_F:50_A:14_M:5.0
12,120,250,5,5.0,53.88,1.1282559130236616,47.76,23,1.0089154278940893,TRX,R:12_L:120_F:250_A:5_M:5.0
12,120,250,30,6.0,53.88,1.1282559130236616,47.76,23,1.0089154278940893,TRX,R:12_L:120_F:250_A:30_M:6.0
12,120,250,5,6.0,53.88,1.1282559130236616,47.76,23,1.0089154278940893,TRX,R:12_L:120_F:250_A:5_M:6.0
12,120,250,25,6.0,53.88,1.1282559130236616,47.76,23,1.0089154278940893,TRX,R:12_L:120_F:250_A:25_M:6.0
12,120,250,10,6.0,53.88,1.1282559130236616,47.76,23,1.0089154278940893,TRX,R:12_L:120_F:250_A:10_M:6.0
12,120,250,20,6.0,53.88,1.1282559130236616,47.76,23,1.0089154278940893,TRX,R:12_L:120_F:250_A:20_M:6.0
12,120,250,14,6.0,53.88,1.1282559130236616,47.76,23,1.0089154278940893,TRX,R:12_L:120_F:250_A:14_M:6.0
12,120,250,14,5.0,53.88,1.1282559130236616,47.76,23,1.0089154278940893,TRX,R:12_L:120_F:250_A:14_M:5.0
12,120,250,7,5.0,53.88,1.1282559130236616,47.76,23,1.0089154278940893,TRX,R:12_L:120_F:250_A:7_M:5.0
12,120,250,7,6.0,53.88,1.1282559130236616,47.76,23,1.0089154278940893,TRX,R:12_L:120_F:250_A:7_M:6.0
10,80,200,25,5.0,54.4,1.12693473719704,48.27,56,1.0255487348536034,ZEC,R:10_L:80_F:200_A:25_M:5.0
12,50,50,14,6.0,61.41,1.1233852612576534,54.66,84,1.02828848999058,TRX,R:12_L:50_F:50_A:14_M:6.0
9,50,100,20,6.0,58.86,1.1226817903258013,52.42,65,1.0464504682990337,TRX,R:9_L:50_F:100_A:20_M:6.0
10,80,200,30,5.0,54.51,1.1207714247271598,48.64,56,1.0268425495069438,ZEC,R:10_L:80_F:200_A:30_M:5.0
12,50,50,5,5.0,60.52,1.1201181967503575,54.03,84,1.019196974774779,TRX,R:12_L:50_F:50_A:5_M:5.0
15,120,250,20,4.0,54.11,1.1195458647841487,48.33,24,0.9973953323896958,TRX,R:15_L:120_F:250_A:20_M:4.0
10,50,50,20,5.0,66.86,1.1190606894054718,59.75,88,1.0825848805875136,TRX,R:10_L:50_F:50_A:20_M:5.0
9,80,150,5,3.0,53.74,1.1174949753766437,48.09,63,1.0223326368360497,ZEC,R:9_L:80_F:150_A:5_M:3.0
18,100,50,10,2.0,58.78,1.1117186187616632,52.87,43,1.0195251079024767,TRX,R:18_L:100_F:50_A:10_M:2.0
9,50,100,14,6.0,58.61,1.110253900969416,52.79,65,1.0437776824356129,TRX,R:9_L:50_F:100_A:14_M:6.0
10,50,50,25,5.0,66.63,1.1091493956101977,60.08,88,1.0803142100103895,TRX,R:10_L:50_F:50_A:25_M:5.0
9,50,100,25,6.0,58.23,1.1090696729786875,52.51,65,1.0398021456405997,TRX,R:9_L:50_F:100_A:25_M:6.0
12,50,100,14,5.0,54.61,1.1088646701178526,49.25,58,1.0096174449769482,TRX,R:12_L:50_F:100_A:14_M:5.0
12,50,50,7,5.0,62.35,1.108412200834148,56.25,84,1.036903408174196,TRX,R:12_L:50_F:50_A:7_M:5.0
14,30,100,7,6.0,52.79,1.1069014856944683,47.69,90,0.9834286128213096,TRX,R:14_L:30_F:100_A:7_M:6.0
18,100,150,5,2.5,56.27,1.1061444604118555,50.87,32,0.9965390380019808,TRX,R:18_L:100_F:150_A:5_M:2.5
15,120,250,10,4.0,53.55,1.1061119085770152,48.41,24,0.9913527418775144,TRX,R:15_L:120_F:250_A:10_M:4.0
10,80,150,14,4.0,54.97,1.084810092205665,50.67,61,1.0372665385677178,ZEC,R:10_L:80_F:150_A:14_M:4.0
9,80,150,7,3.0,53.03,1.0811288728072717,49.05,63,1.01444694926087,ZEC,R:9_L:80_F:150_A:7_M:3.0
10,80,200,5,3.0,52.19,1.0796856080843396,48.34,56,1.0016169929587615,ZEC,R:10_L:80_F:200_A:5_M:3.0
10,80,150,14,3.0,54.39,1.0773471602384024,50.48,61,1.032656903303404,ZEC,R:10_L:80_F:150_A:14_M:3.0
10,80,150,10,3.0,54.54,1.0740805530370126,50.78,61,1.035169909978691,ZEC,R:10_L:80_F:150_A:10_M:3.0
10,80,200,10,4.0,54.35,1.063957086357895,51.08,56,1.0251795941859403,ZEC,R:10_L:80_F:200_A:10_M:4.0
10,80,200,7,4.0,54.02,1.058649592186838,51.03,56,1.0214545800333392,ZEC,R:10_L:80_F:200_A:7_M:4.0
9,80,150,7,4.0,54.35,1.058271418291426,51.35,63,1.028308915384767,ZEC,R:9_L:80_F:150_A:7_M:4.0
9,80,150,10,4.0,54.61,1.0572174239936516,51.66,63,1.0313438254331129,ZEC,R:9_L:80_F:150_A:10_M:4.0
10,80,150,30,4.0,54.88,1.049349776276629,52.3,61,1.0360947838836274,ZEC,R:10_L:80_F:150_A:30_M:4.0
10,80,200,7,3.0,52.71,1.0375340835600484,50.8,56,1.0089940872203038,ZEC,R:10_L:80_F:200_A:7_M:3.0
10,80,200,10,5.0,53.55,1.030248317209954,51.98,56,1.0162312728351792,ZEC,R:10_L:80_F:200_A:10_M:5.0
10,80,200,14,5.0,53.69,1.028949418443712,52.18,56,1.0178272964982753,ZEC,R:10_L:80_F:200_A:14_M:5.0
10,80,200,5,4.0,53.25,1.0181183137794114,52.3,56,1.0127733293784034,ZEC,R:10_L:80_F:200_A:5_M:4.0
9,80,150,10,5.0,52.56,1.016855948165352,51.69,63,1.0071298199739065,ZEC,R:9_L:80_F:150_A:10_M:5.0
9,80,150,5,4.0,52.87,1.0162952697907612,52.02,63,1.011192710203861,ZEC,R:9_L:80_F:150_A:5_M:4.0
8,80,150,14,4.0,57.16,1.0123569379852464,56.46,71,1.050291238637849,ZEC,R:8_L:80_F:150_A:14_M:4.0
9,80,150,5,5.0,52.42,1.0120866333216332,51.8,63,1.0050754309091143,ZEC,R:9_L:80_F:150_A:5_M:5.0
10,80,200,10,6.0,53.51,1.0119214060317605,52.88,56,1.0150849729145122,ZEC,R:10_L:80_F:200_A:10_M:6.0
10,80,200,7,5.0,52.82,1.0110170641088398,52.24,56,1.0077603933407209,ZEC,R:10_L:80_F:200_A:7_M:5.0
9,80,150,7,5.0,52.1,1.0106387333985083,51.55,63,1.0017575084715025,ZEC,R:9_L:80_F:150_A:7_M:5.0
10,80,200,20,4.0,52.3,1.0103339818640098,51.77,56,1.002169078555746,ZEC,R:10_L:80_F:200_A:20_M:4.0
10,80,200,5,5.0,53.58,1.0100130056613388,53.05,56,1.016050845353334,ZEC,R:10_L:80_F:200_A:5_M:5.0
9,80,150,14,5.0,52.48,1.0100034572120369,51.96,63,1.006071852234062,ZEC,R:9_L:80_F:150_A:14_M:5.0
10,80,200,7,6.0,53.35,1.0081420964291166,52.92,56,1.01308233461632,ZEC,R:10_L:80_F:200_A:7_M:6.0
10,80,150,25,3.0,49.13,1.0002892321572745,49.12,61,0.9758108653065332,ZEC,R:10_L:80_F:150_A:25_M:3.0
10,80,200,25,4.0,52.17,0.9986175255706148,52.25,56,1.0006414747319097,ZEC,R:10_L:80_F:200_A:25_M:4.0
18,100,200,30,4.0,47.68,0.9984107651430048,47.75,43,0.945287136730302,ZEC,R:18_L:100_F:200_A:30_M:4.0
10,80,200,5,6.0,52.65,0.9899294669515416,53.19,56,1.0048695674731478,ZEC,R:10_L:80_F:200_A:5_M:6.0
8,80,150,30,4.0,56.99,0.9874723343559364,57.72,71,1.0484070502729073,ZEC,R:8_L:80_F:150_A:30_M:4.0
10,80,150,5,2.5,47.57,0.9833709468146604,48.38,61,0.9583233205021782,ZEC,R:10_L:80_F:150_A:5_M:2.5
8,80,150,20,5.0,55.72,0.9812119436555794,56.79,71,1.0340699521503285,ZEC,R:8_L:80_F:150_A:20_M:5.0
9,80,150,25,4.0,52.06,0.9804546944903708,53.1,63,1.0021453907486877,ZEC,R:9_L:80_F:150_A:25_M:4.0
8,80,150,30,5.0,55.65,0.9802333908872508,56.78,71,1.0332964443235388,ZEC,R:8_L:80_F:150_A:30_M:5.0
8,80,150,25,5.0,55.6,0.9795562369861024,56.76,71,1.0326877218250432,ZEC,R:8_L:80_F:150_A:25_M:5.0
10,80,200,20,5.0,52.04,0.9795380635928548,53.12,56,0.9983550707457756,ZEC,R:10_L:80_F:200_A:20_M:5.0
18,100,200,25,4.0,47.4,0.9754992669044248,48.59,43,0.9418630870807938,ZEC,R:18_L:100_F:200_A:25_M:4.0
9,80,150,20,4.0,51.98,0.9746893023665852,53.33,63,1.0011831150177168,ZEC,R:9_L:80_F:150_A:20_M:4.0
18,100,200,20,4.0,47.1,0.9629497216838412,48.91,43,0.9386811503751836,ZEC,R:18_L:100_F:200_A:20_M:4.0
8,80,150,14,5.0,54.83,0.9623102905985405,56.98,71,1.0240207238626051,ZEC,R:8_L:80_F:150_A:14_M:5.0
12,100,200,7,2.5,48.61,0.9608208268040674,50.59,48,0.9553075424367706,ZEC,R:12_L:100_F:200_A:7_M:2.5
21,100,150,30,4.0,48.98,0.9580908127934892,51.12,50,0.9400659682314711,ZEC,R:21_L:100_F:150_A:30_M:4.0
8,80,150,10,5.0,54.71,0.957522092734756,57.14,71,1.022741456326692,ZEC,R:8_L:80_F:150_A:10_M:5.0
12,100,200,5,2.5,47.95,0.9509655469625904,50.42,48,0.94738244743837,ZEC,R:12_L:100_F:200_A:5_M:2.5
9,80,200,30,5.0,45.58,0.9498425946093484,47.99,58,0.942999894545361,ZEC,R:9_L:80_F:200_A:30_M:5.0
10,80,200,14,6.0,51.42,0.9495876422967164,54.15,56,0.991162568927662,ZEC,R:10_L:80_F:200_A:14_M:6.0
21,100,150,5,4.0,48.92,0.94950039405077,51.52,50,0.9350261342592108,ZEC,R:21_L:100_F:150_A:5_M:4.0
9,80,200,20,5.0,45.5,0.9481026771425164,47.99,58,0.9419602717773636,ZEC,R:9_L:80_F:200_A:20_M:5.0
8,80,150,14,6.0,54.33,0.9463574449173172,57.41,71,1.0183639187188025,ZEC,R:8_L:80_F:150_A:14_M:6.0
9,80,200,25,5.0,45.4,0.9461594943728088,47.99,58,0.9407409456654288,ZEC,R:9_L:80_F:200_A:25_M:5.0
9,80,200,10,6.0,45.27,0.9433210536695822,47.99,58,0.938681157890318,ZEC,R:9_L:80_F:200_A:10_M:6.0
8,80,150,25,4.0,54.49,0.942907987307008,57.79,71,1.0209508229459547,ZEC,R:8_L:80_F:150_A:25_M:4.0
21,80,200,30,3.0,45.18,0.941860985821995,47.97,45,0.9296002814022124,ZEC,R:21_L:80_F:200_A:30_M:3.0
8,80,150,20,4.0,54.46,0.9401595947977084,57.93,71,1.0207149623447556,ZEC,R:8_L:80_F:150_A:20_M:4.0
10,80,150,20,3.0,48.23,0.9391936875691196,51.35,61,0.9661300351532032,ZEC,R:10_L:80_F:150_A:20_M:3.0
8,80,150,20,6.0,53.6,0.9373374253858678,57.18,71,1.009949088873643,ZEC,R:8_L:80_F:150_A:20_M:6.0
8,80,150,30,6.0,53.52,0.9361343395937932,57.17,71,1.0090008904034349,ZEC,R:8_L:80_F:150_A:30_M:6.0
8,80,150,25,6.0,53.45,0.9352984014038928,57.15,71,1.0082608003643412,ZEC,R:8_L:80_F:150_A:25_M:6.0
21,100,150,25,4.0,48.64,0.9352405777693568,52.01,50,0.9363175927861092,ZEC,R:21_L:100_F:150_A:25_M:4.0
21,80,200,25,4.0,43.33,0.9336615473003084,46.41,45,0.9048633704549776,ZEC,R:21_L:80_F:200_A:25_M:4.0
10,80,150,7,1.5,42.68,0.933506664244554,45.72,61,0.9351427209997718,ZEC,R:10_L:80_F:150_A:7_M:1.5
9,80,200,5,6.0,44.6,0.929453706086817,47.99,58,0.9300143451977624,ZEC,R:9_L:80_F:200_A:5_M:6.0
10,80,150,30,3.0,50.25,0.9294061558850624,54.07,61,0.9865802891698646,ZEC,R:10_L:80_F:150_A:30_M:3.0
21,30,200,25,0.5,26.06,0.6070573954329144,42.92,17,0.6335733354025459,API3,R:21_L:30_F:200_A:25_M:0.5
21,30,200,30,0.5,25.79,0.5967089155977875,43.22,17,0.6299392153817146,API3,R:21_L:30_F:200_A:30_M:0.5
21,30,200,20,0.5,25.76,0.5956016403346385,43.26,17,0.6296018822446495,API3,R:21_L:30_F:200_A:20_M:0.5
21,30,200,14,0.5,25.43,0.5791847078359534,43.9,17,0.625038853782423,API3,R:21_L:30_F:200_A:14_M:0.5
7,30,200,30,4.0,23.23,0.5683617511759176,40.87,13,0.6262090689923812,API3,R:7_L:30_F:200_A:30_M:4.0
7,30,200,30,3.0,23.23,0.5683617511759176,40.87,13,0.6262090689923812,API3,R:7_L:30_F:200_A:30_M:3.0
7,30,200,25,3.0,23.23,0.5683617511759176,40.87,13,0.6262090689923812,API3,R:7_L:30_F:200_A:25_M:3.0
7,30,200,20,3.0,23.23,0.5683617511759176,40.87,13,0.6262090689923812,API3,R:7_L:30_F:200_A:20_M:3.0
7,30,200,25,4.0,23.18,0.5660966122545867,40.95,13,0.6255919627340731,API3,R:7_L:30_F:200_A:25_M:4.0
21,30,200,10,0.5,24.75,0.5518011679965159,44.86,17,0.6158857335457495,API3,R:21_L:30_F:200_A:10_M:0.5
21,30,200,5,0.5,24.68,0.5498529580639417,44.88,17,0.6148645965186753,API3,R:21_L:30_F:200_A:5_M:0.5
21,30,200,7,0.5,24.56,0.5441732318492789,45.12,17,0.6131821683897062,API3,R:21_L:30_F:200_A:7_M:0.5
7,30,200,20,4.0,22.41,0.5304826799733406,42.24,13,0.6154941711097067,API3,R:7_L:30_F:200_A:20_M:4.0
7,30,200,14,3.0,22.33,0.527186000299749,42.36,13,0.6145374841510397,API3,R:7_L:30_F:200_A:14_M:3.0
14,150,250,7,0.5,21.0,0.5185970316470812,40.49,8,0.5636170056186602,API3,R:14_L:150_F:250_A:7_M:0.5
7,30,200,25,2.5,22.12,0.5177672962176318,42.72,13,0.6117489756235989,API3,R:7_L:30_F:200_A:25_M:2.5
7,30,200,30,5.0,22.03,0.5139242877463314,42.87,13,0.6105362327263844,API3,R:7_L:30_F:200_A:30_M:5.0
14,150,250,5,0.5,20.36,0.5046917894436939,40.34,8,0.5548717386743003,API3,R:14_L:150_F:250_A:5_M:0.5
12,150,250,7,0.5,20.26,0.495527091422355,40.89,9,0.5535596250588566,API3,R:12_L:150_F:250_A:7_M:0.5
7,30,200,25,5.0,21.55,0.4938287195984313,43.65,13,0.6042835186555112,API3,R:7_L:30_F:200_A:25_M:5.0
12,150,250,5,0.5,19.54,0.4807040752297615,40.66,9,0.543499405079737,API3,R:12_L:150_F:250_A:5_M:0.5
7,30,250,30,4.0,19.32,0.4727675143558424,40.87,13,0.5742204031456264,API3,R:7_L:30_F:250_A:30_M:4.0
7,30,250,30,3.0,19.32,0.4727675143558424,40.87,13,0.5742204031456264,API3,R:7_L:30_F:250_A:30_M:3.0
7,30,250,25,4.0,19.28,0.4707255092805584,40.95,13,0.5736004264840141,API3,R:7_L:30_F:250_A:25_M:4.0
21,30,250,25,0.5,16.0,0.4697267294959732,34.07,16,0.4883565047198542,API3,R:21_L:30_F:250_A:25_M:0.5
21,30,250,20,0.5,15.88,0.4641585012335799,34.21,16,0.4863039204544206,API3,R:21_L:30_F:250_A:20_M:0.5
7,30,200,14,4.0,20.64,0.4572522588158401,45.13,13,0.5922069627674571,API3,R:7_L:30_F:200_A:14_M:4.0
21,30,250,14,0.5,15.78,0.454188552338268,34.74,16,0.4847867554915834,API3,R:21_L:30_F:250_A:14_M:0.5
7,30,200,20,5.0,20.55,0.4540810478691832,45.26,13,0.5911159906812428,API3,R:7_L:30_F:200_A:20_M:5.0
7,30,200,30,2.0,18.68,0.452672056210269,41.27,13,0.5666568429584699,API3,R:7_L:30_F:200_A:30_M:2.0
7,30,200,30,6.0,20.46,0.4506062434169262,45.41,13,0.5899123169303753,API3,R:7_L:30_F:200_A:30_M:6.0
21,30,250,30,0.5,15.5,0.4498300121488143,34.46,16,0.480513630977277,API3,R:21_L:30_F:250_A:30_M:0.5
7,30,200,20,2.5,19.64,0.4468039670325641,43.95,13,0.5790787919741877,API3,R:7_L:30_F:200_A:20_M:2.5
18,150,250,20,1.0,16.64,0.443371955295373,37.54,6,0.5032481842250608,API3,R:18_L:150_F:250_A:20_M:1.0
7,30,250,20,4.0,18.53,0.4386096245422632,42.24,13,0.563464696282558,API3,R:7_L:30_F:250_A:20_M:4.0
7,30,250,20,3.0,17.89,0.4372968351394486,40.9,13,0.554761444614609,API3,R:7_L:30_F:250_A:20_M:3.0
7,30,200,30,2.5,19.06,0.4363415060423251,43.67,13,0.5713046479100952,API3,R:7_L:30_F:200_A:30_M:2.5
21,120,250,30,2.0,18.25,0.4304044787802562,42.4,7,0.5253674663338856,API3,R:21_L:120_F:250_A:30_M:2.0
7,30,250,25,3.0,17.71,0.429937871263959,41.2,13,0.5524340163498155,API3,R:7_L:30_F:250_A:25_M:3.0
21,30,250,5,0.5,15.31,0.4298848155631325,35.6,16,0.4772784631855633,API3,R:21_L:30_F:250_A:5_M:0.5
7,30,200,25,6.0,19.87,0.4287501079417582,46.34,13,0.582140097736525,API3,R:7_L:30_F:200_A:25_M:6.0
21,30,250,10,0.5,15.3,0.4285902476197564,35.71,16,0.4773424137202669,API3,R:21_L:30_F:250_A:10_M:0.5
9,30,250,30,2.0,19.44,0.427472745620197,45.48,13,0.5456367744504218,API3,R:9_L:30_F:250_A:30_M:2.0
7,30,250,30,5.0,18.16,0.4236707199164601,42.87,13,0.5584941797702054,API3,R:7_L:30_F:250_A:30_M:5.0
7,30,250,14,3.0,17.79,0.4198306412992751,42.36,13,0.5533968385305467,API3,R:7_L:30_F:250_A:14_M:3.0
7,30,250,25,2.5,17.82,0.4170626627114099,42.72,13,0.5538783318262266,API3,R:7_L:30_F:250_A:25_M:2.5
7,30,250,30,2.0,17.16,0.4158125400996746,41.27,13,0.5456720300148267,API3,R:7_L:30_F:250_A:30_M:2.0
21,30,250,7,0.5,15.0,0.414593355948203,36.18,16,0.4725639483263164,API3,R:21_L:30_F:250_A:7_M:0.5
18,150,250,14,1.0,15.46,0.4118045869878833,37.54,6,0.4867515911238784,API3,R:18_L:150_F:250_A:14_M:1.0
21,120,250,30,2.5,17.86,0.4114090135925878,43.42,7,0.5212866018761071,API3,R:21_L:120_F:250_A:30_M:2.5
7,30,250,25,5.0,17.7,0.4055342657718814,43.65,13,0.5522310683031579,API3,R:7_L:30_F:250_A:25_M:5.0
14,150,250,25,1.0,17.19,0.3953216764118534,43.49,8,0.5112543703345159,API3,R:14_L:150_F:250_A:25_M:1.0
14,150,250,20,1.0,17.07,0.3947422745815282,43.24,8,0.5095453515078081,API3,R:14_L:150_F:250_A:20_M:1.0
7,30,200,10,4.0,18.66,0.3868614188532524,48.23,13,0.5659079982932465,API3,R:7_L:30_F:200_A:10_M:4.0
7,30,200,20,6.0,18.62,0.3856903341246126,48.28,13,0.565431263789141,API3,R:7_L:30_F:200_A:20_M:6.0
18,150,250,30,1.5,14.51,0.3853507347537854,37.66,6,0.4732717099772283,API3,R:18_L:150_F:250_A:30_M:1.5
14,150,250,30,1.0,16.91,0.3842646081527972,43.99,8,0.507278992903323,API3,R:14_L:150_F:250_A:30_M:1.0
18,150,250,10,1.0,14.53,0.3835981680915453,37.87,6,0.4734338435189263,API3,R:18_L:150_F:250_A:10_M:1.0
14,150,250,14,1.0,16.34,0.3805992896837851,42.93,8,0.4993008206246156,API3,R:14_L:150_F:250_A:14_M:1.0
12,150,250,20,1.0,16.04,0.3741140382868878,42.87,9,0.4949011810660513,API3,R:12_L:150_F:250_A:20_M:1.0
7,30,200,14,5.0,18.24,0.3731379878532059,48.87,13,0.5609246718365254,API3,R:7_L:30_F:200_A:14_M:5.0
7,30,250,14,4.0,16.81,0.3725044442051721,45.13,13,0.5401510186772231,API3,R:7_L:30_F:250_A:14_M:4.0
12,150,250,25,1.0,16.06,0.3706751722195932,43.31,9,0.4952626661919129,API3,R:12_L:150_F:250_A:25_M:1.0
7,30,250,20,5.0,16.73,0.3696394886516125,45.26,13,0.5390607736843026,API3,R:7_L:30_F:250_A:20_M:5.0
21,120,250,20,2.5,16.82,0.3692436529564884,45.54,7,0.5066230407286733,API3,R:21_L:120_F:250_A:20_M:2.5
12,150,250,30,1.0,15.96,0.3688161288044719,43.26,9,0.4938274539411009,API3,R:12_L:150_F:250_A:30_M:1.0
7,30,250,30,6.0,16.64,0.3665000209237342,45.41,13,0.5378580980882688,API3,R:7_L:30_F:250_A:30_M:6.0
21,150,250,20,1.0,14.68,0.3642478557655153,40.31,7,0.4755530091781708,API3,R:21_L:150_F:250_A:20_M:1.0
21,30,200,25,1.0,19.75,0.3634772277308279,54.33,17,0.5487291498693928,API3,R:21_L:30_F:200_A:25_M:1.0
18,150,250,25,1.5,13.79,0.3633483253883554,37.95,6,0.4628715794043185,API3,R:18_L:150_F:250_A:25_M:1.5
21,30,200,20,1.0,19.59,0.35796486857527,54.73,17,0.546569125662403,API3,R:21_L:30_F:200_A:20_M:1.0
21,120,250,30,3.0,16.16,0.3575582239333845,45.21,7,0.497734163156324,API3,R:21_L:120_F:250_A:30_M:3.0
7,30,250,20,2.5,15.56,0.3539866889679316,43.95,13,0.523068679406633,API3,R:7_L:30_F:250_A:20_M:2.5
7,30,150,30,4.0,16.49,0.353483793269354,46.64,16,0.5429376609486329,API3,R:7_L:30_F:150_A:30_M:4.0
7,30,150,30,3.0,16.49,0.353483793269354,46.64,16,0.5429376609486329,API3,R:7_L:30_F:150_A:30_M:3.0
7,30,150,25,3.0,16.49,0.353483793269354,46.64,16,0.5429376609486329,API3,R:7_L:30_F:150_A:25_M:3.0
7,30,150,20,3.0,16.49,0.353483793269354,46.64,16,0.5429376609486329,API3,R:7_L:30_F:150_A:20_M:3.0
14,150,250,10,1.0,15.14,0.352425729837587,42.95,8,0.4823839825347804,API3,R:14_L:150_F:250_A:10_M:1.0
7,30,150,25,4.0,16.44,0.3519798849485253,46.71,16,0.5423836394974454,API3,R:7_L:30_F:150_A:25_M:4.0
21,30,200,30,1.0,19.3,0.3515999555643425,54.89,17,0.5425358827916303,API3,R:21_L:30_F:200_A:30_M:1.0
12,150,250,14,1.0,14.96,0.3471424138063929,43.08,9,0.4799997017834825,API3,R:12_L:150_F:250_A:14_M:1.0
7,30,250,25,6.0,16.07,0.3467472415713434,46.34,13,0.5300971980887206,API3,R:7_L:30_F:250_A:25_M:6.0
7,30,100,30,4.0,19.38,0.3426279182913435,56.57,19,0.5806415255466011,API3,R:7_L:30_F:100_A:30_M:4.0
21,120,250,25,3.0,15.81,0.3420562349598509,46.22,7,0.4926685455761044,API3,R:21_L:120_F:250_A:25_M:3.0
9,30,100,30,2.0,21.33,0.3359488663163308,63.48,20,0.5787920324495135,API3,R:9_L:30_F:100_A:30_M:2.0
5,150,250,25,1.5,13.78,0.334514016774827,41.19,8,0.465683022549537,API3,R:5_L:150_F:250_A:25_M:1.5
9,30,250,30,4.0,15.5,0.3342846330868653,46.36,13,0.4924214679222691,API3,R:9_L:30_F:250_A:30_M:4.0
21,30,200,14,1.0,18.72,0.3336934742236062,56.11,17,0.5349938126714714,API3,R:21_L:30_F:200_A:14_M:1.0
5,150,250,30,1.5,13.57,0.3336529373203366,40.66,8,0.462608725350027,API3,R:5_L:150_F:250_A:30_M:1.5
18,150,250,20,1.5,12.78,0.3330507035574927,38.37,6,0.4482882940009146,API3,R:18_L:150_F:250_A:20_M:1.5
9,30,250,25,4.0,15.45,0.3328072107599601,46.44,13,0.4918094120525396,API3,R:9_L:30_F:250_A:25_M:4.0
21,120,250,25,2.5,15.71,0.3320247560960113,47.31,7,0.491093933055291,API3,R:21_L:120_F:250_A:25_M:2.5
9,30,150,30,2.0,18.59,0.3317490566498376,56.03,17,0.5409243626276241,API3,R:9_L:30_F:150_A:30_M:2.0
7,30,100,25,3.0,18.92,0.3309597012961155,57.16,19,0.5752837999538668,API3,R:7_L:30_F:100_A:25_M:3.0
21,120,250,25,6.0,17.2,0.3289752471352328,52.29,7,0.5250710963741265,API3,R:21_L:120_F:250_A:25_M:6.0
21,120,250,7,6.0,17.2,0.3289752471352328,52.29,7,0.5250710963741265,API3,R:21_L:120_F:250_A:7_M:6.0
21,120,250,20,6.0,17.2,0.3289752471352328,52.29,7,0.5250710963741265,API3,R:21_L:120_F:250_A:20_M:6.0
21,120,250,10,5.0,17.2,0.3289752471352328,52.29,7,0.5250710963741265,API3,R:21_L:120_F:250_A:10_M:5.0
21,120,250,10,6.0,17.2,0.3289752471352328,52.29,7,0.5250710963741265,API3,R:21_L:120_F:250_A:10_M:6.0
21,120,250,14,6.0,17.2,0.3289752471352328,52.29,7,0.5250710963741265,API3,R:21_L:120_F:250_A:14_M:6.0
